{
  "burst": "casey",
  "suffix": "_C2D1_cwin",
  "alpha": 5.038334899759684,
  "tau_1ghz": 0.005779673885981513,
  "beta": 3.3165105664673034,
  "chi2C": 1.5371700768346068,
  "chi2D": 0.9923543272872151,
  "lag1C": 0.38084532220500733,
  "lag1D": 0.2785517537457963,
  "lnZ": 53516.23509284732,
  "runtime_s": 12.9
}