{
  "burst": "casey",
  "marginalize_gain": true,
  "marginalize_gain_gp": false,
  "shared_zeta": false,
  "beta": {
    "median": 3.3964273281402453,
    "err_minus": 0.0076296688999386575,
    "err_plus": 0.00788680308206624
  },
  "beta_bounds": [
    3.0,
    4.0
  ],
  "alpha": {
    "median": 4.864452678197854,
    "err_minus": 0.016087123036482076,
    "err_plus": 0.015736508028208362
  },
  "tau_1ghz": {
    "median": 0.006543175301986818,
    "err_minus": 0.00011956810699478414,
    "err_plus": 0.0001184508890259249
  },
  "log_evidence": 92817.97382335602,
  "log_evidence_err": 0.49829305244196487,
  "alpha_bounds": [
    4.0,
    6.0
  ],
  "components_C": 2,
  "components_D": 1,
  "fixed_parameters": {
    "delta_dm_C": -0.000674,
    "delta_dm_D": -0.003174
  },
  "percentiles": {
    "tau_1ghz": {
      "median": 0.006543175301986818,
      "lower": 0.006423607194992034,
      "upper": 0.006661626191012743,
      "err_minus": 0.00011956810699478414,
      "err_plus": 0.0001184508890259249
    },
    "beta": {
      "median": 3.3964273281402453,
      "lower": 3.3887976592403066,
      "upper": 3.4043141312223115,
      "err_minus": 0.0076296688999386575,
      "err_plus": 0.00788680308206624
    },
    "t0_C1": {
      "median": 10.969538217383533,
      "lower": 10.968835803360548,
      "upper": 10.970271611229858,
      "err_minus": 0.0007024140229852094,
      "err_plus": 0.0007333938463247591
    },
    "zeta_C1": {
      "median": 0.10801188998399214,
      "lower": 0.10770537249100894,
      "upper": 0.10831375832089306,
      "err_minus": 0.0003065174929832021,
      "err_plus": 0.00030186833690092063
    },
    "t0_C2": {
      "median": 11.000326775410059,
      "lower": 10.999634543645563,
      "upper": 11.001064036980729,
      "err_minus": 0.0006922317644963982,
      "err_plus": 0.0007372615706700003
    },
    "zeta_C2": {
      "median": 0.08489075365026603,
      "lower": 0.08451037452051108,
      "upper": 0.08527100860102355,
      "err_minus": 0.0003803791297549569,
      "err_plus": 0.0003802549507575109
    },
    "t0_D1": {
      "median": 28.625622652741367,
      "lower": 28.62529665715165,
      "upper": 28.62595145957072,
      "err_minus": 0.00032599558971568854,
      "err_plus": 0.0003288068293549884
    },
    "zeta_D1": {
      "median": 0.056350393760759385,
      "lower": 0.05600572628361831,
      "upper": 0.05671435742329121,
      "err_minus": 0.00034466747714107654,
      "err_plus": 0.00036396366253182294
    },
    "alpha": {
      "median": 4.864452678197854,
      "lower": 4.848365555161372,
      "upper": 4.880189186226063,
      "err_minus": 0.016087123036482076,
      "err_plus": 0.015736508028208362
    },
    "delta_dm_C": {
      "median": -0.000674,
      "lower": -0.000674,
      "upper": -0.000674,
      "err_minus": 0.0,
      "err_plus": 0.0
    },
    "delta_dm_D": {
      "median": -0.003174,
      "lower": -0.003174,
      "upper": -0.003174,
      "err_minus": 0.0,
      "err_plus": 0.0
    }
  },
  "ncall": 1577034
}