{
  "burst": "casey",
  "fit_note": "C2D1: band-integrated CHIME profile shows ONE narrow peak even at 15 us, but the pair figure shows two-streak structure; overlapping windows + dt_min let the evidence/residuals decide. Sandbox chunked refit 2026-07-07 (bad-fit remediation).",
  "marginalize_gain": false,
  "marginalize_gain_gp": false,
  "shared_zeta": false,
  "beta": {
    "median": 3.3165105664673034,
    "lower": 3.3053716074515203,
    "upper": 3.330043777061754,
    "err_minus": 0.011138959015783101,
    "err_plus": 0.013533210594450562
  },
  "beta_bounds": [
    3.0,
    4.0
  ],
  "alpha": {
    "median": 5.038334899759684,
    "lower": 5.007419807516817,
    "upper": 5.064261530714007,
    "err_minus": 0.030915092242867814,
    "err_plus": 0.025926630954322682
  },
  "tau_1ghz": {
    "median": 0.005779673885981513,
    "lower": 0.005617490873881242,
    "upper": 0.0059708183279076656,
    "err_minus": 0.00016218301210027108,
    "err_plus": 0.00019114444192615265
  },
  "log_evidence": 53516.23509284732,
  "log_evidence_err": 1.0013716660191756,
  "alpha_bounds": [
    4.0,
    6.0
  ],
  "components_C": 2,
  "components_D": 1,
  "component_windows": {
    "tau_1ghz": [
      0.002,
      0.15
    ],
    "beta": [
      3.0,
      4.0
    ],
    "t0_C1": [
      10.4,
      11.35
    ],
    "zeta_C1": [
      0.015,
      0.1
    ],
    "t0_C2": [
      10.4,
      11.35
    ],
    "zeta_C2": [
      0.015,
      0.1
    ],
    "delta_dm_C": [
      -0.08,
      0.08
    ],
    "t0_D1": [
      28.4,
      28.9
    ],
    "zeta_D1": [
      0.02,
      0.12
    ],
    "delta_dm_D": [
      -0.08,
      0.08
    ]
  },
  "gain_s2": null,
  "percentiles": {
    "tau_1ghz": {
      "median": 0.005779673885981513,
      "lower": 0.005617490873881242,
      "upper": 0.0059708183279076656,
      "err_minus": 0.00016218301210027108,
      "err_plus": 0.00019114444192615265
    },
    "beta": {
      "median": 3.3165105664673034,
      "lower": 3.3053716074515203,
      "upper": 3.330043777061754,
      "err_minus": 0.011138959015783101,
      "err_plus": 0.013533210594450562
    },
    "t0_C1": {
      "median": 10.90753006943025,
      "lower": 10.906820208751338,
      "upper": 10.908222024765072,
      "err_minus": 0.0007098606789117667,
      "err_plus": 0.0006919553348225804
    },
    "zeta_C1": {
      "median": 0.08659531779220335,
      "lower": 0.08624784603364619,
      "upper": 0.08693162046047684,
      "err_minus": 0.0003474717585571635,
      "err_plus": 0.00033630266827348876
    },
    "t0_C2": {
      "median": 11.13464452938934,
      "lower": 11.1327446590354,
      "upper": 11.136589843927945,
      "err_minus": 0.0018998703539399031,
      "err_plus": 0.0019453145386059134
    },
    "zeta_C2": {
      "median": 0.0998419424640168,
      "lower": 0.09961106634981094,
      "upper": 0.0999612870624448,
      "err_minus": 0.00023087611420585796,
      "err_plus": 0.00011934459842799505
    },
    "delta_dm_C": {
      "median": -0.0035103453078996205,
      "lower": -0.003565584493738852,
      "upper": -0.003451774880375444,
      "err_minus": 5.5239185839231486e-05,
      "err_plus": 5.857042752417663e-05
    },
    "t0_D1": {
      "median": 28.630384037156016,
      "lower": 28.629587195014807,
      "upper": 28.631142372576004,
      "err_minus": 0.0007968421412094528,
      "err_plus": 0.0007583354199880432
    },
    "zeta_D1": {
      "median": 0.0563169981941995,
      "lower": 0.055998496445062405,
      "upper": 0.05662943782972781,
      "err_minus": 0.00031850174913709145,
      "err_plus": 0.00031243963552831516
    },
    "delta_dm_D": {
      "median": -0.017803522217010134,
      "lower": -0.020094439467554993,
      "upper": -0.015667443028674455,
      "err_minus": 0.002290917250544859,
      "err_plus": 0.0021360791883356794
    },
    "alpha": {
      "median": 5.038334899759684,
      "lower": 5.007419807516817,
      "upper": 5.064261530714007,
      "err_minus": 0.030915092242867814,
      "err_plus": 0.025926630954322682
    }
  },
  "ncall": 320503,
  "runtime_s": 12.9
}