{
  "burst": "freya",
  "marginalize_gain": true,
  "marginalize_gain_gp": false,
  "shared_zeta": true,
  "beta": {
    "median": 3.672294478250213,
    "err_minus": 0.0146197266571102,
    "err_plus": 0.0161109515252158
  },
  "beta_bounds": [
    3.0,
    4.0
  ],
  "alpha": {
    "median": 4.391923224063596,
    "err_minus": 0.022823996200990848,
    "err_plus": 0.02109537090252278
  },
  "tau_1ghz": {
    "median": 0.11826818458099604,
    "err_minus": 0.0013303196196018802,
    "err_plus": 0.0014266800945336028
  },
  "log_evidence": -10566.05898204708,
  "log_evidence_err": 0.4039639499405087,
  "alpha_bounds": [
    4.0,
    6.0
  ],
  "components_C": 1,
  "components_D": 1,
  "fixed_parameters": {
    "delta_dm_C": 0.000852,
    "delta_dm_D": 0.007552
  },
  "percentiles": {
    "tau_1ghz": {
      "median": 0.11826818458099604,
      "lower": 0.11693786496139416,
      "upper": 0.11969486467552964,
      "err_minus": 0.0013303196196018802,
      "err_plus": 0.0014266800945336028
    },
    "beta": {
      "median": 3.672294478250213,
      "lower": 3.657674751593103,
      "upper": 3.688405429775429,
      "err_minus": 0.0146197266571102,
      "err_plus": 0.0161109515252158
    },
    "zeta_1ghz": {
      "median": 0.08673663392286879,
      "lower": 0.08614952984858038,
      "upper": 0.08732646255438989,
      "err_minus": 0.0005871040742884137,
      "err_plus": 0.0005898286315210999
    },
    "x_zeta": {
      "median": -0.7191700162376611,
      "lower": -0.7383241762207255,
      "upper": -0.6999219729380766,
      "err_minus": 0.019154159983064467,
      "err_plus": 0.019248043299584516
    },
    "t0_C": {
      "median": 17.275818545229047,
      "lower": 17.274996198071484,
      "upper": 17.276610011956624,
      "err_minus": 0.0008223471575625751,
      "err_plus": 0.0007914667275770171
    },
    "t0_D": {
      "median": 7.9605660974013706,
      "lower": 7.959933025008885,
      "upper": 7.961226215316836,
      "err_minus": 0.0006330723924854453,
      "err_plus": 0.0006601179154657189
    },
    "alpha": {
      "median": 4.391923224063596,
      "lower": 4.3690992278626055,
      "upper": 4.413018594966119,
      "err_minus": 0.022823996200990848,
      "err_plus": 0.02109537090252278
    },
    "delta_dm_C": {
      "median": 0.000852,
      "lower": 0.000852,
      "upper": 0.000852,
      "err_minus": 0.0,
      "err_plus": 0.0
    },
    "delta_dm_D": {
      "median": 0.007552,
      "lower": 0.007552,
      "upper": 0.007552,
      "err_minus": 0.0,
      "err_plus": 0.0
    }
  },
  "ncall": 854875,
  "gain_recovered": true
}