{
  "burst": "freya",
  "marginalize_gain": false,
  "marginalize_gain_gp": false,
  "shared_zeta": true,
  "beta": {
    "median": 3.72168967493156,
    "err_minus": 0.014786911071232645,
    "err_plus": 0.014176762278296895
  },
  "beta_bounds": [
    3.0,
    4.0
  ],
  "alpha": {
    "median": 4.323299058036697,
    "err_minus": 0.01897430455543514,
    "err_plus": 0.020126756655646894
  },
  "tau_1ghz": {
    "median": 0.1193849491889905,
    "err_minus": 0.0011814983612511432,
    "err_plus": 0.001217165093037445
  },
  "log_evidence": -10123.13975921703,
  "log_evidence_err": 0.5568746616999268,
  "alpha_bounds": [
    4.0,
    6.0
  ],
  "components_C": 1,
  "components_D": 1,
  "gain_s2": null,
  "percentiles": {
    "tau_1ghz": {
      "median": 0.1193849491889905,
      "lower": 0.11820345082773935,
      "upper": 0.12060211428202794,
      "err_minus": 0.0011814983612511432,
      "err_plus": 0.001217165093037445
    },
    "beta": {
      "median": 3.72168967493156,
      "lower": 3.7069027638603274,
      "upper": 3.735866437209857,
      "err_minus": 0.014786911071232645,
      "err_plus": 0.014176762278296895
    },
    "zeta_1ghz": {
      "median": 0.08639150493236371,
      "lower": 0.08581528865266107,
      "upper": 0.08697591012803026,
      "err_minus": 0.0005762162797026404,
      "err_plus": 0.0005844051956665486
    },
    "x_zeta": {
      "median": -0.783308268607418,
      "lower": -0.8022744381297406,
      "upper": -0.7637589046701692,
      "err_minus": 0.018966169522322662,
      "err_plus": 0.01954936393724882
    },
    "t0_C": {
      "median": 17.262408898826543,
      "lower": 17.261386879862837,
      "upper": 17.26342198247123,
      "err_minus": 0.0010220189637060173,
      "err_plus": 0.001013083644686219
    },
    "delta_dm_C": {
      "median": 0.010869327674789986,
      "lower": 0.010399551152360687,
      "upper": 0.011365464665594516,
      "err_minus": 0.00046977652242929935,
      "err_plus": 0.0004961369908045299
    },
    "t0_D": {
      "median": 7.934821393785036,
      "lower": 7.933518028157636,
      "upper": 7.936129016431249,
      "err_minus": 0.0013033656274004102,
      "err_plus": 0.0013076226462125362
    },
    "delta_dm_D": {
      "median": 0.08571613106374087,
      "lower": 0.08219087321266016,
      "upper": 0.08915473736698942,
      "err_minus": 0.0035252578510807098,
      "err_plus": 0.003438606303248548
    }
  },
  "ncall": 1044276,
  "gain_recovered": true
}