{
  "burst": "hamilton",
  "marginalize_gain": true,
  "marginalize_gain_gp": false,
  "shared_zeta": false,
  "beta": {
    "median": 3.6753405870249254,
    "err_minus": 0.027654761482309276,
    "err_plus": 0.0252988184502434
  },
  "beta_bounds": [
    3.0,
    4.0
  ],
  "alpha": {
    "median": 4.387574222805174,
    "err_minus": 0.03551770387347464,
    "err_plus": 0.04007304950337964
  },
  "tau_1ghz": {
    "median": 0.0158384779528462,
    "err_minus": 0.0005116951262361582,
    "err_plus": 0.0004770139569871927
  },
  "log_evidence": 20025.663506317604,
  "log_evidence_err": 0.521166515787893,
  "alpha_bounds": [
    4.0,
    6.0
  ],
  "components_C": 4,
  "components_D": 1,
  "fixed_parameters": {
    "delta_dm_C": -0.003707,
    "delta_dm_D": -0.002007
  },
  "percentiles": {
    "tau_1ghz": {
      "median": 0.0158384779528462,
      "lower": 0.015326782826610043,
      "upper": 0.016315491909833394,
      "err_minus": 0.0005116951262361582,
      "err_plus": 0.0004770139569871927
    },
    "beta": {
      "median": 3.6753405870249254,
      "lower": 3.647685825542616,
      "upper": 3.700639405475169,
      "err_minus": 0.027654761482309276,
      "err_plus": 0.0252988184502434
    },
    "t0_C1": {
      "median": 11.601233313088892,
      "lower": 11.600579725070189,
      "upper": 11.601888313335834,
      "err_minus": 0.0006535880187037435,
      "err_plus": 0.0006550002469420946
    },
    "zeta_C1": {
      "median": 0.024474419875148066,
      "lower": 0.023678395503397526,
      "upper": 0.025259534816206217,
      "err_minus": 0.0007960243717505394,
      "err_plus": 0.0007851149410581515
    },
    "t0_C2": {
      "median": 11.91902579515768,
      "lower": 11.918531420006765,
      "upper": 11.919534880099938,
      "err_minus": 0.00049437515091455,
      "err_plus": 0.000509084942258653
    },
    "zeta_C2": {
      "median": 0.019047285726331024,
      "lower": 0.018516231262338853,
      "upper": 0.019595301104648466,
      "err_minus": 0.0005310544639921706,
      "err_plus": 0.0005480153783174423
    },
    "t0_C3": {
      "median": 12.103704355812262,
      "lower": 12.103129595670662,
      "upper": 12.1043702088709,
      "err_minus": 0.0005747601415997394,
      "err_plus": 0.0006658530586385325
    },
    "zeta_C3": {
      "median": 0.17606701649804565,
      "lower": 0.1723010695751201,
      "upper": 0.17972755531385426,
      "err_minus": 0.0037659469229255615,
      "err_plus": 0.003660538815808606
    },
    "t0_C4": {
      "median": 12.288507193615274,
      "lower": 12.287813701650354,
      "upper": 12.289366263320606,
      "err_minus": 0.0006934919649204119,
      "err_plus": 0.00085906970533145
    },
    "zeta_C4": {
      "median": 0.11677850276607164,
      "lower": 0.11289850647837495,
      "upper": 0.12088101866844726,
      "err_minus": 0.0038799962876966965,
      "err_plus": 0.00410251590237562
    },
    "t0_D1": {
      "median": 15.159966766757208,
      "lower": 15.156772086365876,
      "upper": 15.163266986553111,
      "err_minus": 0.003194680391331417,
      "err_plus": 0.0033002197959035584
    },
    "zeta_D1": {
      "median": 0.08194856423402293,
      "lower": 0.07865343147636968,
      "upper": 0.0853476555517961,
      "err_minus": 0.003295132757653252,
      "err_plus": 0.0033990913177731757
    },
    "alpha": {
      "median": 4.387574222805174,
      "lower": 4.3520565189316995,
      "upper": 4.427647272308554,
      "err_minus": 0.03551770387347464,
      "err_plus": 0.04007304950337964
    },
    "delta_dm_C": {
      "median": -0.003707,
      "lower": -0.003707,
      "upper": -0.003707,
      "err_minus": 0.0,
      "err_plus": 0.0
    },
    "delta_dm_D": {
      "median": -0.002007,
      "lower": -0.002007,
      "upper": -0.002007,
      "err_minus": 0.0,
      "err_plus": 0.0
    }
  },
  "ncall": 2998414
}