{
  "burst": "hamilton",
  "suffix": "_C3D1_cwin",
  "alpha": 4.021921882266134,
  "tau_1ghz": 0.021449227269922523,
  "beta": 3.9783157970063963,
  "chi2C": 1.3077074281102457,
  "chi2D": 0.996380300087484,
  "lag1C": -0.06004403223088801,
  "lag1D": 0.3366297924468473,
  "lnZ": 34975.553869480806,
  "runtime_s": 307.4
}