{
  "burst": "hamilton",
  "fit_note": "C2D1: leading CHIME component at ~-0.31 ms (69 sig prominence); third trailing CHIME peak (+0.98 ms, 10.7 sig) deliberately left out of this first pass. Sandbox refit 2026-07-07 (bad-fit remediation).",
  "marginalize_gain": false,
  "marginalize_gain_gp": false,
  "shared_zeta": false,
  "beta": {
    "median": 3.9783157970063963,
    "lower": 3.9755337504452903,
    "upper": 3.9795344418971084,
    "err_minus": 0.002782046561105922,
    "err_plus": 0.0012186448907121061
  },
  "beta_bounds": [
    3.0,
    4.0
  ],
  "alpha": {
    "median": 4.021921882266134,
    "lower": 4.020677142735924,
    "upper": 4.024769254941045,
    "err_minus": 0.0012447395302102038,
    "err_plus": 0.002847372674911419
  },
  "tau_1ghz": {
    "median": 0.021449227269922523,
    "lower": 0.021170486205651495,
    "upper": 0.021708459447782904,
    "err_minus": 0.0002787410642710285,
    "err_plus": 0.0002592321778603808
  },
  "log_evidence": 34975.553869480806,
  "log_evidence_err": 0.7345820266989602,
  "alpha_bounds": [
    4.0,
    6.0
  ],
  "components_C": 3,
  "components_D": 1,
  "component_windows": {
    "tau_1ghz": [
      0.002,
      0.15
    ],
    "beta": [
      3.0,
      4.0
    ],
    "t0_C1": [
      11.45,
      11.78
    ],
    "zeta_C1": [
      0.02,
      0.12
    ],
    "t0_C2": [
      11.8,
      12.1
    ],
    "zeta_C2": [
      0.02,
      0.12
    ],
    "t0_C3": [
      12.6,
      13.2
    ],
    "zeta_C3": [
      0.02,
      0.2
    ],
    "delta_dm_C": [
      -0.08,
      0.08
    ],
    "t0_D1": [
      14.9,
      15.4
    ],
    "zeta_D1": [
      0.02,
      0.15
    ],
    "delta_dm_D": [
      -0.08,
      0.08
    ]
  },
  "gain_s2": null,
  "percentiles": {
    "tau_1ghz": {
      "median": 0.021449227269922523,
      "lower": 0.021170486205651495,
      "upper": 0.021708459447782904,
      "err_minus": 0.0002787410642710285,
      "err_plus": 0.0002592321778603808
    },
    "beta": {
      "median": 3.9783157970063963,
      "lower": 3.9755337504452903,
      "upper": 3.9795344418971084,
      "err_minus": 0.002782046561105922,
      "err_plus": 0.0012186448907121061
    },
    "t0_C1": {
      "median": 11.620661539933252,
      "lower": 11.619477335066557,
      "upper": 11.62181853350623,
      "err_minus": 0.0011842048666945715,
      "err_plus": 0.001156993572978493
    },
    "zeta_C1": {
      "median": 0.029756994188543096,
      "lower": 0.029041295546075683,
      "upper": 0.03046091926224223,
      "err_minus": 0.0007156986424674133,
      "err_plus": 0.0007039250736991347
    },
    "t0_C2": {
      "median": 11.952695206411278,
      "lower": 11.95192738168621,
      "upper": 11.95339106841952,
      "err_minus": 0.0007678247250684223,
      "err_plus": 0.0006958620082428979
    },
    "zeta_C2": {
      "median": 0.02659618255072924,
      "lower": 0.02612839780880821,
      "upper": 0.027066586945559596,
      "err_minus": 0.0004677847419210304,
      "err_plus": 0.00047040439483035656
    },
    "t0_C3": {
      "median": 12.885848214456892,
      "lower": 12.86439437965358,
      "upper": 12.906524539764137,
      "err_minus": 0.021453834803311977,
      "err_plus": 0.02067632530724417
    },
    "zeta_C3": {
      "median": 0.18551104445140737,
      "lower": 0.16377293046828392,
      "upper": 0.19653816980504316,
      "err_minus": 0.021738113983123447,
      "err_plus": 0.011027125353635786
    },
    "delta_dm_C": {
      "median": -0.00784740817155688,
      "lower": -0.007999115546971011,
      "upper": -0.007687489974797387,
      "err_minus": 0.00015170737541413126,
      "err_plus": 0.0001599181967594926
    },
    "t0_D1": {
      "median": 15.148374340217458,
      "lower": 15.141028862803086,
      "upper": 15.155933903344131,
      "err_minus": 0.00734547741437197,
      "err_plus": 0.007559563126672941
    },
    "zeta_D1": {
      "median": 0.08192733024371404,
      "lower": 0.07865592628481823,
      "upper": 0.08564981275072762,
      "err_minus": 0.003271403958895816,
      "err_plus": 0.003722482507013583
    },
    "delta_dm_D": {
      "median": 0.028710571857510983,
      "lower": 0.011442239254226702,
      "upper": 0.04724704041539447,
      "err_minus": 0.01726833260328428,
      "err_plus": 0.01853646855788349
    },
    "alpha": {
      "median": 4.021921882266134,
      "lower": 4.020677142735924,
      "upper": 4.024769254941045,
      "err_minus": 0.0012447395302102038,
      "err_plus": 0.002847372674911419
    }
  },
  "ncall": 232223,
  "runtime_s": 307.4
}