{
  "burst": "isha",
  "marginalize_gain": true,
  "marginalize_gain_gp": false,
  "shared_zeta": false,
  "beta": {
    "median": 3.1033031528001973,
    "err_minus": 0.0056732004038808626,
    "err_plus": 0.005824693937921399
  },
  "beta_bounds": [
    3.0,
    4.0
  ],
  "alpha": {
    "median": 5.625476814643328,
    "err_minus": 0.019039547953314973,
    "err_plus": 0.018738607200169177
  },
  "tau_1ghz": {
    "median": 0.11631269895330733,
    "err_minus": 0.0010762392518666175,
    "err_plus": 0.0012334898990315896
  },
  "log_evidence": 33868.68393098551,
  "log_evidence_err": 0.3731904285496609,
  "alpha_bounds": [
    4.0,
    6.0
  ],
  "components_C": 2,
  "components_D": 1,
  "fixed_parameters": {
    "delta_dm_C": -0.000183,
    "delta_dm_D": -0.132283
  },
  "percentiles": {
    "tau_1ghz": {
      "median": 0.11631269895330733,
      "lower": 0.11523645970144071,
      "upper": 0.11754618885233892,
      "err_minus": 0.0010762392518666175,
      "err_plus": 0.0012334898990315896
    },
    "beta": {
      "median": 3.1033031528001973,
      "lower": 3.0976299523963164,
      "upper": 3.1091278467381187,
      "err_minus": 0.0056732004038808626,
      "err_plus": 0.005824693937921399
    },
    "t0_C1": {
      "median": 22.897822853705478,
      "lower": 22.895400361427345,
      "upper": 22.959518358326747,
      "err_minus": 0.0024224922781321823,
      "err_plus": 0.06169550462126949
    },
    "zeta_C1": {
      "median": 0.008435902456174147,
      "lower": 0.008139793600963424,
      "upper": 0.008759665249629896,
      "err_minus": 0.0002961088552107232,
      "err_plus": 0.00032376279345574903
    },
    "t0_C2": {
      "median": 23.696792132911128,
      "lower": 23.66830093873751,
      "upper": 23.741747443291057,
      "err_minus": 0.02849119417361834,
      "err_plus": 0.044955310379929614
    },
    "zeta_C2": {
      "median": 0.7114288940587401,
      "lower": 0.694767510544884,
      "upper": 0.7232146120747671,
      "err_minus": 0.016661383513856154,
      "err_plus": 0.011785718016027014
    },
    "t0_D1": {
      "median": 0.2540503902821927,
      "lower": 0.251512719365937,
      "upper": 0.2568791626611424,
      "err_minus": 0.0025376709162556743,
      "err_plus": 0.00282877237894974
    },
    "zeta_D1": {
      "median": 0.0733407851193006,
      "lower": 0.0706415374842008,
      "upper": 0.07798255597242128,
      "err_minus": 0.002699247635099808,
      "err_plus": 0.004641770853120675
    },
    "alpha": {
      "median": 5.625476814643328,
      "lower": 5.606437266690013,
      "upper": 5.644215421843497,
      "err_minus": 0.019039547953314973,
      "err_plus": 0.018738607200169177
    },
    "delta_dm_C": {
      "median": -0.000183,
      "lower": -0.000183,
      "upper": -0.000183,
      "err_minus": 0.0,
      "err_plus": 0.0
    },
    "delta_dm_D": {
      "median": -0.132283,
      "lower": -0.132283,
      "upper": -0.132283,
      "err_minus": 0.0,
      "err_plus": 0.0
    }
  },
  "ncall": 799239
}