{
  "burst": "isha",
  "marginalize_gain": false,
  "marginalize_gain_gp": false,
  "shared_zeta": false,
  "beta": {
    "median": 3.8405020353757404,
    "err_minus": 0.10534124025912206,
    "err_plus": 0.08498783961230627
  },
  "beta_bounds": [
    3.0,
    4.0
  ],
  "alpha": {
    "median": 4.173320063285557,
    "err_minus": 0.09592664150771846,
    "err_plus": 0.1319417955908504
  },
  "tau_1ghz": {
    "median": 0.31384875520730254,
    "err_minus": 0.023256003103859002,
    "err_plus": 0.019053553732729767
  },
  "log_evidence": 33896.97661472287,
  "log_evidence_err": 0.47544738225211675,
  "alpha_bounds": [
    4.0,
    6.0
  ],
  "components_C": 2,
  "components_D": 1,
  "gain_s2": null,
  "percentiles": {
    "tau_1ghz": {
      "median": 0.31384875520730254,
      "lower": 0.29059275210344354,
      "upper": 0.3329023089400323,
      "err_minus": 0.023256003103859002,
      "err_plus": 0.019053553732729767
    },
    "beta": {
      "median": 3.8405020353757404,
      "lower": 3.7351607951166184,
      "upper": 3.9254898749880467,
      "err_minus": 0.10534124025912206,
      "err_plus": 0.08498783961230627
    },
    "t0_C1": {
      "median": 7.071770288842801,
      "lower": -2.8621932735904276,
      "upper": 17.67047691580351,
      "err_minus": 9.93396356243323,
      "err_plus": 10.598706626960707
    },
    "zeta_C1": {
      "median": 130.06682611844397,
      "lower": 55.489211086855285,
      "upper": 242.553539298108,
      "err_minus": 74.57761503158869,
      "err_plus": 112.48671317966404
    },
    "t0_C2": {
      "median": 23.108779069474686,
      "lower": 23.064877436430674,
      "upper": 23.153317073469083,
      "err_minus": 0.043901633044011845,
      "err_plus": 0.044538003994397
    },
    "zeta_C2": {
      "median": 0.5733724477151637,
      "lower": 0.5390648432195495,
      "upper": 0.6055480445790001,
      "err_minus": 0.03430760449561421,
      "err_plus": 0.03217559686383642
    },
    "delta_dm_C": {
      "median": 0.09140339800326558,
      "lower": 0.08206026624995388,
      "upper": 0.10086954503943701,
      "err_minus": 0.009343131753311695,
      "err_plus": 0.009466147036171435
    },
    "t0_D1": {
      "median": 0.23520876874215757,
      "lower": 0.22515984388132404,
      "upper": 0.245612616373436,
      "err_minus": 0.01004892486083353,
      "err_plus": 0.01040384763127844
    },
    "zeta_D1": {
      "median": 0.05173465518063405,
      "lower": 0.04484669475004171,
      "upper": 0.05927114776276574,
      "err_minus": 0.006887960430592338,
      "err_plus": 0.007536492582131696
    },
    "delta_dm_D": {
      "median": -0.15477181841001197,
      "lower": -0.19408290968907238,
      "upper": -0.11893217010727852,
      "err_minus": 0.039311091279060406,
      "err_plus": 0.03583964830273345
    }
  },
  "ncall": 893541
}