{
  "burst": "johndoeII",
  "marginalize_gain": true,
  "marginalize_gain_gp": false,
  "shared_zeta": false,
  "beta": {
    "median": 3.613091319712912,
    "err_minus": 0.10616608494368274,
    "err_plus": 0.11032715320612763
  },
  "beta_bounds": [
    3.0,
    4.0
  ],
  "alpha": {
    "median": 4.479710820533022,
    "err_minus": 0.15874231354875956,
    "err_plus": 0.17470089659013066
  },
  "tau_1ghz": {
    "median": 0.12227405312613455,
    "err_minus": 0.011712895954974142,
    "err_plus": 0.011040780757488197
  },
  "log_evidence": 6069.08603093596,
  "log_evidence_err": 0.40526448766956574,
  "alpha_bounds": [
    4.0,
    6.0
  ],
  "components_C": 2,
  "components_D": 2,
  "fixed_parameters": {
    "delta_dm_C": -0.000399,
    "delta_dm_D": 0.012001
  },
  "percentiles": {
    "tau_1ghz": {
      "median": 0.12227405312613455,
      "lower": 0.11056115717116041,
      "upper": 0.13331483388362275,
      "err_minus": 0.011712895954974142,
      "err_plus": 0.011040780757488197
    },
    "beta": {
      "median": 3.613091319712912,
      "lower": 3.5069252347692292,
      "upper": 3.7234184729190396,
      "err_minus": 0.10616608494368274,
      "err_plus": 0.11032715320612763
    },
    "t0_C1": {
      "median": -2.8243393446945735,
      "lower": -6.321177070581916,
      "upper": 0.3194528694610064,
      "err_minus": 3.4968377258873424,
      "err_plus": 3.14379221415558
    },
    "zeta_C1": {
      "median": 13.466754157935078,
      "lower": 7.719791284298891,
      "upper": 23.305494672470434,
      "err_minus": 5.746962873636187,
      "err_plus": 9.838740514535356
    },
    "t0_C2": {
      "median": 2.1348227469049315,
      "lower": 2.1285973637572253,
      "upper": 2.1414112573338313,
      "err_minus": 0.006225383147706154,
      "err_plus": 0.006588510428899852
    },
    "zeta_C2": {
      "median": 0.0981625789883202,
      "lower": 0.0902286170768093,
      "upper": 0.1067884376293145,
      "err_minus": 0.007933961911510898,
      "err_plus": 0.0086258586409943
    },
    "t0_D1": {
      "median": 1.0058216219314349,
      "lower": 1.0024764839712623,
      "upper": 1.0091601649715325,
      "err_minus": 0.0033451379601725506,
      "err_plus": 0.003338543040097619
    },
    "zeta_D1": {
      "median": 0.06801073376531344,
      "lower": 0.06407504908007439,
      "upper": 0.07200948720721398,
      "err_minus": 0.003935684685239055,
      "err_plus": 0.003998753441900538
    },
    "t0_D2": {
      "median": 1.4266465358117497,
      "lower": 1.4096018746334578,
      "upper": 1.4430643201746431,
      "err_minus": 0.017044661178291953,
      "err_plus": 0.01641778436289343
    },
    "zeta_D2": {
      "median": 0.3916044557914357,
      "lower": 0.37652249012480504,
      "upper": 0.4076014562447313,
      "err_minus": 0.01508196566663067,
      "err_plus": 0.015997000453295607
    },
    "alpha": {
      "median": 4.479710820533022,
      "lower": 4.320968506984262,
      "upper": 4.6544117171231525,
      "err_minus": 0.15874231354875956,
      "err_plus": 0.17470089659013066
    },
    "delta_dm_C": {
      "median": -0.000399,
      "lower": -0.000399,
      "upper": -0.000399,
      "err_minus": 0.0,
      "err_plus": 0.0
    },
    "delta_dm_D": {
      "median": 0.012001,
      "lower": 0.012001,
      "upper": 0.012001,
      "err_minus": 0.0,
      "err_plus": 0.0
    }
  },
  "ncall": 1022580
}