{
  "burst": "johndoeII",
  "marginalize_gain": false,
  "marginalize_gain_gp": false,
  "shared_zeta": false,
  "beta": {
    "median": 3.9357229813477077,
    "err_minus": 0.06794548848128956,
    "err_plus": 0.032369919139358494
  },
  "beta_bounds": [
    3.0,
    4.0
  ],
  "alpha": {
    "median": 4.066411381454531,
    "err_minus": 0.033986997925645746,
    "err_plus": 0.07517133665678344
  },
  "tau_1ghz": {
    "median": 2.219292440306282,
    "err_minus": 0.07694040419266823,
    "err_plus": 0.07321053947946243
  },
  "log_evidence": 6076.7220122034,
  "log_evidence_err": 1.0183031998296175,
  "alpha_bounds": [
    4.0,
    6.0
  ],
  "components_C": 2,
  "components_D": 2,
  "gain_s2": null,
  "percentiles": {
    "tau_1ghz": {
      "median": 2.219292440306282,
      "lower": 2.1423520361136137,
      "upper": 2.2925029797857444,
      "err_minus": 0.07694040419266823,
      "err_plus": 0.07321053947946243
    },
    "beta": {
      "median": 3.9357229813477077,
      "lower": 3.867777492866418,
      "upper": 3.968092900487066,
      "err_minus": 0.06794548848128956,
      "err_plus": 0.032369919139358494
    },
    "t0_C1": {
      "median": 2.1072919409442843,
      "lower": 2.0976244317734594,
      "upper": 2.1167754236202896,
      "err_minus": 0.009667509170824928,
      "err_plus": 0.009483482676005295
    },
    "zeta_C1": {
      "median": 0.08623715947690642,
      "lower": 0.07744050326874688,
      "upper": 0.0958951753348405,
      "err_minus": 0.008796656208159545,
      "err_plus": 0.009658015857934077
    },
    "t0_C2": {
      "median": 2.8458242096750164,
      "lower": 2.7988626020983913,
      "upper": 2.88780464308972,
      "err_minus": 0.04696160757662504,
      "err_plus": 0.04198043341470381
    },
    "zeta_C2": {
      "median": 0.69095858991083,
      "lower": 0.654624113442666,
      "upper": 0.7245989991592674,
      "err_minus": 0.03633447646816401,
      "err_plus": 0.033640409248437364
    },
    "delta_dm_C": {
      "median": -0.005749419648928722,
      "lower": -0.00809028337701534,
      "upper": -0.003465667642259973,
      "err_minus": 0.0023408637280866174,
      "err_plus": 0.002283752006668749
    },
    "t0_D1": {
      "median": -1.949539030561597,
      "lower": -3.2218882909604174,
      "upper": -0.5214743374673891,
      "err_minus": 1.2723492603988205,
      "err_plus": 1.4280646930942078
    },
    "zeta_D1": {
      "median": 15.327964866284285,
      "lower": 0.023929243240831732,
      "upper": 63.67792880174215,
      "err_minus": 15.304035623043454,
      "err_plus": 48.349963935457865
    },
    "t0_D2": {
      "median": 0.9515752009146496,
      "lower": 0.9503774006047989,
      "upper": 0.9531936374698031,
      "err_minus": 0.0011978003098507273,
      "err_plus": 0.0016184365551534796
    },
    "zeta_D2": {
      "median": 0.004088335090775509,
      "lower": 0.0002964017048824712,
      "upper": 0.021920238019812445,
      "err_minus": 0.0037919333858930375,
      "err_plus": 0.017831902929036934
    },
    "delta_dm_D": {
      "median": -0.005252392415634688,
      "lower": -0.011004613434486998,
      "upper": -0.0006261931447326674,
      "err_minus": 0.00575222101885231,
      "err_plus": 0.0046261992709020205
    }
  },
  "ncall": 251220
}