{
  "burst": "mahi",
  "marginalize_gain": false,
  "marginalize_gain_gp": false,
  "shared_zeta": false,
  "beta": {
    "median": 3.7851720198511734,
    "err_minus": 0.1548532616320255,
    "err_plus": 0.13796351156615572
  },
  "beta_bounds": [
    3.0,
    4.0
  ],
  "alpha": {
    "median": 4.240680424922565,
    "err_minus": 0.16074381377168834,
    "err_plus": 0.21282750402338824
  },
  "tau_1ghz": {
    "median": 0.21930274316476195,
    "err_minus": 0.027226586598568636,
    "err_plus": 0.025048562007195102
  },
  "log_evidence": 28436.36669099548,
  "log_evidence_err": 0.5124604204561295,
  "alpha_bounds": [
    4.0,
    6.0
  ],
  "components_C": 1,
  "components_D": 1,
  "gain_s2": null,
  "percentiles": {
    "tau_1ghz": {
      "median": 0.21930274316476195,
      "lower": 0.1920761565661933,
      "upper": 0.24435130517195705,
      "err_minus": 0.027226586598568636,
      "err_plus": 0.025048562007195102
    },
    "beta": {
      "median": 3.7851720198511734,
      "lower": 3.630318758219148,
      "upper": 3.923135531417329,
      "err_minus": 0.1548532616320255,
      "err_plus": 0.13796351156615572
    },
    "t0_C1": {
      "median": 14.691395894522088,
      "lower": 14.661499899047385,
      "upper": 14.725280778287356,
      "err_minus": 0.02989599547470334,
      "err_plus": 0.03388488376526766
    },
    "zeta_C1": {
      "median": 0.11097039133209576,
      "lower": 0.08611446472767229,
      "upper": 0.13725593657065746,
      "err_minus": 0.02485592660442347,
      "err_plus": 0.026285545238561706
    },
    "delta_dm_C": {
      "median": -0.01997630176762044,
      "lower": -0.029309456406636514,
      "upper": -0.012086061466220599,
      "err_minus": 0.009333154639016072,
      "err_plus": 0.007890240301399842
    },
    "t0_D1": {
      "median": 0.30715240721910364,
      "lower": 0.29793385594413224,
      "upper": 0.31594262769535075,
      "err_minus": 0.009218551274971398,
      "err_plus": 0.008790220476247113
    },
    "zeta_D1": {
      "median": 0.06903743018242217,
      "lower": 0.06342216861829919,
      "upper": 0.07484452952154554,
      "err_minus": 0.005615261564122981,
      "err_plus": 0.005807099339123364
    },
    "delta_dm_D": {
      "median": -0.0500240183111913,
      "lower": -0.07473570415251629,
      "upper": -0.025697372570895993,
      "err_minus": 0.024711685841324993,
      "err_plus": 0.024326645740295305
    }
  },
  "ncall": 910349
}