{
  "burst": "mahi",
  "marginalize_gain": true,
  "marginalize_gain_gp": false,
  "shared_zeta": false,
  "beta": {
    "median": 3.6795845014981774,
    "err_minus": 0.11390563190709058,
    "err_plus": 0.13834362227242458
  },
  "beta_bounds": [
    3.0,
    4.0
  ],
  "alpha": {
    "median": 4.38154138504614,
    "err_minus": 0.1812343719704428,
    "err_plus": 0.17326092958476025
  },
  "tau_1ghz": {
    "median": 0.1964102886734679,
    "err_minus": 0.021061191361336606,
    "err_plus": 0.02882918940559903
  },
  "log_evidence": 28457.487901151628,
  "log_evidence_err": 0.34245177957468564,
  "alpha_bounds": [
    4.0,
    6.0
  ],
  "components_C": 1,
  "components_D": 2,
  "fixed_parameters": {
    "delta_dm_C": 1.1e-05,
    "delta_dm_D": 0.003611
  },
  "percentiles": {
    "tau_1ghz": {
      "median": 0.1964102886734679,
      "lower": 0.1753490973121313,
      "upper": 0.22523947807906694,
      "err_minus": 0.021061191361336606,
      "err_plus": 0.02882918940559903
    },
    "beta": {
      "median": 3.6795845014981774,
      "lower": 3.565678869591087,
      "upper": 3.817928123770602,
      "err_minus": 0.11390563190709058,
      "err_plus": 0.13834362227242458
    },
    "t0_C1": {
      "median": 14.63754986772858,
      "lower": 14.617926666260814,
      "upper": 14.661018932612706,
      "err_minus": 0.019623201467766194,
      "err_plus": 0.023469064884125146
    },
    "zeta_C1": {
      "median": 0.12697030033677156,
      "lower": 0.10556631448003681,
      "upper": 0.15087199119540964,
      "err_minus": 0.021403985856734753,
      "err_plus": 0.02390169085863808
    },
    "t0_D1": {
      "median": -0.353488085275274,
      "lower": -1.0192926744779522,
      "upper": -0.06539341889375194,
      "err_minus": 0.6658045892026783,
      "err_plus": 0.28809466638152204
    },
    "zeta_D1": {
      "median": 0.0009471639745389468,
      "lower": 0.0001872822197331955,
      "upper": 0.060621590476886034,
      "err_minus": 0.0007598817548057513,
      "err_plus": 0.05967442650234709
    },
    "t0_D2": {
      "median": 0.2989540955312616,
      "lower": 0.2925034885224954,
      "upper": 0.30971347842864094,
      "err_minus": 0.006450607008766207,
      "err_plus": 0.010759382897379322
    },
    "zeta_D2": {
      "median": 0.07122206566078271,
      "lower": 0.06472356531200947,
      "upper": 0.07887446948271096,
      "err_minus": 0.006498500348773237,
      "err_plus": 0.00765240382192825
    },
    "alpha": {
      "median": 4.38154138504614,
      "lower": 4.200307013075697,
      "upper": 4.5548023146309005,
      "err_minus": 0.1812343719704428,
      "err_plus": 0.17326092958476025
    },
    "delta_dm_C": {
      "median": 1.1e-05,
      "lower": 1.1e-05,
      "upper": 1.1e-05,
      "err_minus": 0.0,
      "err_plus": 0.0
    },
    "delta_dm_D": {
      "median": 0.003611,
      "lower": 0.003611,
      "upper": 0.003611,
      "err_minus": 0.0,
      "err_plus": 0.0
    }
  },
  "ncall": 629265
}