{
  "burst": "oran",
  "marginalize_gain": false,
  "marginalize_gain_gp": false,
  "shared_zeta": false,
  "beta": {
    "median": 3.987192656606904,
    "err_minus": 0.020749040492434645,
    "err_plus": 0.008830187736797779
  },
  "beta_bounds": [
    3.0,
    4.0
  ],
  "alpha": {
    "median": 4.0,
    "err_minus": 0.0,
    "err_plus": 0.034129006914356275
  },
  "tau_1ghz": {
    "median": 0.8428116817186169,
    "err_minus": 0.07780094390058334,
    "err_plus": 0.07339722011626404
  },
  "log_evidence": 25133.73558278138,
  "log_evidence_err": 0.5592229323794681,
  "alpha_bounds": [
    4.0,
    6.0
  ],
  "components_C": 2,
  "components_D": 1,
  "gain_s2": null,
  "percentiles": {
    "tau_1ghz": {
      "median": 0.8428116817186169,
      "lower": 0.7650107378180335,
      "upper": 0.9162089018348809,
      "err_minus": 0.07780094390058334,
      "err_plus": 0.07339722011626404
    },
    "beta": {
      "median": 3.987192656606904,
      "lower": 3.966443616114469,
      "upper": 3.9960228443437016,
      "err_minus": 0.020749040492434645,
      "err_plus": 0.008830187736797779
    },
    "t0_C1": {
      "median": 13.134268973988013,
      "lower": 13.077637886805189,
      "upper": 13.260402078264297,
      "err_minus": 0.05663108718282395,
      "err_plus": 0.12613310427628477
    },
    "zeta_C1": {
      "median": 2.3520252223739235,
      "lower": 2.208446379085444,
      "upper": 2.4945259562903637,
      "err_minus": 0.1435788432884797,
      "err_plus": 0.14250073391644014
    },
    "t0_C2": {
      "median": 14.730531866623796,
      "lower": 14.42136748510027,
      "upper": 15.036468010302375,
      "err_minus": 0.30916438152352654,
      "err_plus": 0.30593614367857924
    },
    "zeta_C2": {
      "median": 1.6109673118066006,
      "lower": 1.4522342880323507,
      "upper": 1.7615418715235898,
      "err_minus": 0.15873302377424992,
      "err_plus": 0.1505745597169892
    },
    "delta_dm_C": {
      "median": -0.28741383009823807,
      "lower": -0.32597896627801504,
      "upper": -0.25020340502950944,
      "err_minus": 0.03856513617977697,
      "err_plus": 0.037210425068728625
    },
    "t0_D1": {
      "median": 0.40679650309487414,
      "lower": 0.3895324471615176,
      "upper": 0.43408933664819216,
      "err_minus": 0.01726405593335656,
      "err_plus": 0.02729283355331802
    },
    "zeta_D1": {
      "median": 0.10004320630805791,
      "lower": 0.0876074100381977,
      "upper": 0.11430581505314011,
      "err_minus": 0.012435796269860203,
      "err_plus": 0.0142626087450822
    },
    "delta_dm_D": {
      "median": 0.06390183478676192,
      "lower": 0.025911915398182828,
      "upper": 0.10080292610932418,
      "err_minus": 0.037989919388579096,
      "err_plus": 0.03690109132256225
    }
  },
  "ncall": 1174661
}