{
  "burst": "oran",
  "marginalize_gain": true,
  "marginalize_gain_gp": false,
  "shared_zeta": false,
  "beta": {
    "median": 3.2991020393224915,
    "err_minus": 0.2184143829934122,
    "err_plus": 0.2591942475262532
  },
  "beta_bounds": [
    3.0,
    4.0
  ],
  "alpha": {
    "median": 5.0790498967164135,
    "err_minus": 0.5121439535026386,
    "err_plus": 0.6222970896897708
  },
  "tau_1ghz": {
    "median": 0.022006398271738652,
    "err_minus": 0.009481807591254384,
    "err_plus": 0.015519547387200853
  },
  "log_evidence": 25155.022549643953,
  "log_evidence_err": 0.32615472351275604,
  "alpha_bounds": [
    4.0,
    6.0
  ],
  "components_C": 2,
  "components_D": 1,
  "fixed_parameters": {
    "delta_dm_C": 0.000235,
    "delta_dm_D": 0.133535
  },
  "percentiles": {
    "tau_1ghz": {
      "median": 0.022006398271738652,
      "lower": 0.012524590680484268,
      "upper": 0.037525945658939505,
      "err_minus": 0.009481807591254384,
      "err_plus": 0.015519547387200853
    },
    "beta": {
      "median": 3.2991020393224915,
      "lower": 3.0806876563290793,
      "upper": 3.5582962868487447,
      "err_minus": 0.2184143829934122,
      "err_plus": 0.2591942475262532
    },
    "t0_C1": {
      "median": 13.090737414616353,
      "lower": 13.066285416322222,
      "upper": 13.139694431040311,
      "err_minus": 0.024451998294130917,
      "err_plus": 0.04895701642395878
    },
    "zeta_C1": {
      "median": 2.461287361069042,
      "lower": 2.34910128628018,
      "upper": 2.5741578036444652,
      "err_minus": 0.11218607478886167,
      "err_plus": 0.11287044257542345
    },
    "t0_C2": {
      "median": 20.15372808801549,
      "lower": 18.740866035203627,
      "upper": 21.78841811587712,
      "err_minus": 1.4128620528118638,
      "err_plus": 1.6346900278616303
    },
    "zeta_C2": {
      "median": 7.64426299648223,
      "lower": 6.760610153369643,
      "upper": 8.681415613985001,
      "err_minus": 0.8836528431125874,
      "err_plus": 1.0371526175027705
    },
    "t0_D1": {
      "median": 0.5530370720832707,
      "lower": 0.5466913036208041,
      "upper": 0.5607989566903093,
      "err_minus": 0.006345768462466594,
      "err_plus": 0.007761884607038638
    },
    "zeta_D1": {
      "median": 0.20128872907843978,
      "lower": 0.1918210440801119,
      "upper": 0.20963268962129597,
      "err_minus": 0.009467684998327869,
      "err_plus": 0.008343960542856188
    },
    "alpha": {
      "median": 5.0790498967164135,
      "lower": 4.566905943213775,
      "upper": 5.701346986406184,
      "err_minus": 0.5121439535026386,
      "err_plus": 0.6222970896897708
    },
    "delta_dm_C": {
      "median": 0.000235,
      "lower": 0.000235,
      "upper": 0.000235,
      "err_minus": 0.0,
      "err_plus": 0.0
    },
    "delta_dm_D": {
      "median": 0.133535,
      "lower": 0.133535,
      "upper": 0.133535,
      "err_minus": 0.0,
      "err_plus": 0.0
    }
  },
  "ncall": 722362
}