{
  "burst": "phineas",
  "marginalize_gain": true,
  "marginalize_gain_gp": false,
  "shared_zeta": false,
  "beta": {
    "median": 3.322532266731899,
    "err_minus": 0.0916701293506419,
    "err_plus": 0.09017547482134924
  },
  "beta_bounds": [
    3.0,
    4.0
  ],
  "alpha": {
    "median": 5.024500876552808,
    "err_minus": 0.1930589000247629,
    "err_plus": 0.22525381044266002
  },
  "tau_1ghz": {
    "median": 0.06758863108810399,
    "err_minus": 0.011820668963748872,
    "err_plus": 0.012756597674625572
  },
  "log_evidence": 21963.157406252223,
  "log_evidence_err": 0.45115170148321515,
  "alpha_bounds": [
    4.0,
    6.0
  ],
  "components_C": 3,
  "components_D": 3,
  "fixed_parameters": {
    "delta_dm_C": -0.00033,
    "delta_dm_D": 0.01507
  },
  "percentiles": {
    "tau_1ghz": {
      "median": 0.06758863108810399,
      "lower": 0.05576796212435512,
      "upper": 0.08034522876272956,
      "err_minus": 0.011820668963748872,
      "err_plus": 0.012756597674625572
    },
    "beta": {
      "median": 3.322532266731899,
      "lower": 3.230862137381257,
      "upper": 3.4127077415532483,
      "err_minus": 0.0916701293506419,
      "err_plus": 0.09017547482134924
    },
    "t0_C1": {
      "median": 8.021128943471524,
      "lower": 7.9984254493673355,
      "upper": 8.04422893313988,
      "err_minus": 0.022703494104188593,
      "err_plus": 0.023099989668356358
    },
    "zeta_C1": {
      "median": 0.24620839869324176,
      "lower": 0.21915766978725856,
      "upper": 0.27314094686718193,
      "err_minus": 0.0270507289059832,
      "err_plus": 0.02693254817394017
    },
    "t0_C2": {
      "median": 9.394111386922866,
      "lower": 9.30660839940668,
      "upper": 9.481112498631258,
      "err_minus": 0.08750298751618502,
      "err_plus": 0.08700111170839264
    },
    "zeta_C2": {
      "median": 0.9491788669242229,
      "lower": 0.8793044257578111,
      "upper": 1.0148978500507118,
      "err_minus": 0.06987444116641184,
      "err_plus": 0.06571898312648883
    },
    "t0_C3": {
      "median": 11.469707956110023,
      "lower": 11.207710680734634,
      "upper": 11.749970536944078,
      "err_minus": 0.2619972753753892,
      "err_plus": 0.2802625808340551
    },
    "zeta_C3": {
      "median": 2.069417266026411,
      "lower": 1.9151523247623206,
      "upper": 2.211140051315525,
      "err_minus": 0.15426494126409063,
      "err_plus": 0.14172278528911386
    },
    "t0_D1": {
      "median": 2.523205318915153,
      "lower": 2.522534855738252,
      "upper": 2.5238506510833947,
      "err_minus": 0.0006704631769007818,
      "err_plus": 0.0006453321682418078
    },
    "zeta_D1": {
      "median": 0.057850858486429825,
      "lower": 0.05733216692283661,
      "upper": 0.05838192907887948,
      "err_minus": 0.0005186915635932154,
      "err_plus": 0.0005310705924496534
    },
    "t0_D2": {
      "median": 2.721984988283113,
      "lower": 2.7202492272895604,
      "upper": 2.7250063422018798,
      "err_minus": 0.0017357609935526597,
      "err_plus": 0.0030213539187666782
    },
    "zeta_D2": {
      "median": 0.14765532298433096,
      "lower": 0.1437533067373028,
      "upper": 0.15172826376291873,
      "err_minus": 0.003902016247028156,
      "err_plus": 0.004072940778587775
    },
    "t0_D3": {
      "median": 3.884310951818101,
      "lower": 3.876396456886969,
      "upper": 3.8918181676320778,
      "err_minus": 0.007914494931132054,
      "err_plus": 0.007507215813976842
    },
    "zeta_D3": {
      "median": 0.22076690731183704,
      "lower": 0.21252083462510338,
      "upper": 0.2293642684523554,
      "err_minus": 0.008246072686733663,
      "err_plus": 0.008597361140518373
    },
    "alpha": {
      "median": 5.024500876552808,
      "lower": 4.831441976528045,
      "upper": 5.249754686995468,
      "err_minus": 0.1930589000247629,
      "err_plus": 0.22525381044266002
    },
    "delta_dm_C": {
      "median": -0.00033,
      "lower": -0.00033,
      "upper": -0.00033,
      "err_minus": 0.0,
      "err_plus": 0.0
    },
    "delta_dm_D": {
      "median": 0.01507,
      "lower": 0.01507,
      "upper": 0.01507,
      "err_minus": 0.0,
      "err_plus": 0.0
    }
  },
  "ncall": 2700856
}