{
  "burst": "phineas",
  "marginalize_gain": false,
  "marginalize_gain_gp": false,
  "shared_zeta": false,
  "beta": {
    "median": 3.2280705713741678,
    "err_minus": 0.01810635534125904,
    "err_plus": 0.02045649538605021
  },
  "beta_bounds": [
    3.0,
    4.0
  ],
  "alpha": {
    "median": 5.257141807025097,
    "err_minus": 0.053366649487236906,
    "err_plus": 0.04874108355718754
  },
  "tau_1ghz": {
    "median": 0.4693716400435134,
    "err_minus": 0.00806329562235969,
    "err_plus": 0.008111762238103115
  },
  "log_evidence": 22344.43205975903,
  "log_evidence_err": 0.4481856493940792,
  "alpha_bounds": [
    4.0,
    6.0
  ],
  "components_C": 3,
  "components_D": 3,
  "gain_s2": null,
  "percentiles": {
    "tau_1ghz": {
      "median": 0.4693716400435134,
      "lower": 0.4613083444211537,
      "upper": 0.4774834022816165,
      "err_minus": 0.00806329562235969,
      "err_plus": 0.008111762238103115
    },
    "beta": {
      "median": 3.2280705713741678,
      "lower": 3.2099642160329087,
      "upper": 3.248527066760218,
      "err_minus": 0.01810635534125904,
      "err_plus": 0.02045649538605021
    },
    "t0_C1": {
      "median": 7.743987445854305,
      "lower": 7.717969035661504,
      "upper": 7.766735228383666,
      "err_minus": 0.026018410192801156,
      "err_plus": 0.02274778252936116
    },
    "zeta_C1": {
      "median": 0.3093519174463721,
      "lower": 0.27825956920471834,
      "upper": 0.3408125173884236,
      "err_minus": 0.031092348241653744,
      "err_plus": 0.031460599942051526
    },
    "t0_C2": {
      "median": 12.509101677089951,
      "lower": 9.715340980561042,
      "upper": 14.664611946813757,
      "err_minus": 2.79376069652891,
      "err_plus": 2.1555102697238055
    },
    "zeta_C2": {
      "median": 222.9672862487754,
      "lower": 108.72456984984677,
      "upper": 569.6842828915236,
      "err_minus": 114.24271639892862,
      "err_plus": 346.7169966427482
    },
    "t0_C3": {
      "median": 15.87832276750459,
      "lower": 15.630546595308664,
      "upper": 16.120488711274817,
      "err_minus": 0.24777617219592685,
      "err_plus": 0.24216594377022638
    },
    "zeta_C3": {
      "median": 2.45541375196725,
      "lower": 2.1984921261136003,
      "upper": 2.7279260522151905,
      "err_minus": 0.2569216258536495,
      "err_plus": 0.2725123002479406
    },
    "delta_dm_C": {
      "median": 0.060833190959662886,
      "lower": 0.05457836617841849,
      "upper": 0.06774114137957099,
      "err_minus": 0.006254824781244395,
      "err_plus": 0.006907950419908104
    },
    "t0_D1": {
      "median": -6.878603571291481,
      "lower": -10.664633017843748,
      "upper": -1.3918954889117128,
      "err_minus": 3.7860294465522673,
      "err_plus": 5.486708082379768
    },
    "zeta_D1": {
      "median": 23.115051097208923,
      "lower": 10.567263954021977,
      "upper": 40.57088964621679,
      "err_minus": 12.547787143186946,
      "err_plus": 17.45583854900787
    },
    "t0_D2": {
      "median": 2.531120601277266,
      "lower": 2.530370376854549,
      "upper": 2.5318859414279604,
      "err_minus": 0.0007502244227168831,
      "err_plus": 0.0007653401506946267
    },
    "zeta_D2": {
      "median": 0.042627865063729814,
      "lower": 0.04209417155816182,
      "upper": 0.043162580837133875,
      "err_minus": 0.000533693505567992,
      "err_plus": 0.0005347157734040611
    },
    "t0_D3": {
      "median": 3.8529751295724015,
      "lower": 3.845214476428504,
      "upper": 3.8605318168788383,
      "err_minus": 0.0077606531438974,
      "err_plus": 0.007556687306436771
    },
    "zeta_D3": {
      "median": 0.16165033124485248,
      "lower": 0.1547890864042579,
      "upper": 0.1686874919086903,
      "err_minus": 0.0068612448405945825,
      "err_plus": 0.0070371606638378326
    },
    "delta_dm_D": {
      "median": -0.06625800402461834,
      "lower": -0.0680878160405669,
      "upper": -0.06439527979090798,
      "err_minus": 0.001829812015948562,
      "err_plus": 0.0018627242337103667
    }
  },
  "ncall": 2801202
}