{
  "burst": "whitney_c2d2_cwin_20260707",
  "source_burst": "whitney_multid_20260707",
  "fit_note": "Whitney C2D2 diagnostic resolved-CHIME prior; CHIME components kept narrow and tau allowed lower to test two-pulse morphology",
  "marginalize_gain": false,
  "marginalize_gain_gp": false,
  "shared_zeta": false,
  "beta": {
    "median": 3.641565634667272,
    "lower": 3.524051964801928,
    "upper": 3.7449168868943583,
    "err_minus": 0.11751366986534384,
    "err_plus": 0.1033512522270863
  },
  "beta_bounds": [
    3.0,
    4.0
  ],
  "alpha": {
    "median": 4.4366981834453165,
    "lower": 4.292372794396694,
    "upper": 4.624582423946323,
    "err_minus": 0.1443253890486229,
    "err_plus": 0.18788424050100616
  },
  "tau_1ghz": {
    "median": 0.0779894966371287,
    "lower": 0.06972581712346215,
    "upper": 0.08482588423720155,
    "err_minus": 0.00826367951366655,
    "err_plus": 0.006836387600072852
  },
  "log_evidence": 31271.386207743068,
  "log_evidence_err": 0.6861290671693346,
  "alpha_bounds": [
    4.0,
    6.0
  ],
  "components_C": 2,
  "components_D": 2,
  "component_windows": {
    "tau_1ghz": [
      0.005,
      0.12
    ],
    "beta": [
      3.0,
      4.0
    ],
    "t0_C1": [
      1.45,
      1.8
    ],
    "zeta_C1": [
      0.03,
      0.12
    ],
    "t0_C2": [
      2.16,
      2.32
    ],
    "zeta_C2": [
      0.025,
      0.09
    ],
    "delta_dm_C": [
      -0.08,
      0.08
    ],
    "t0_D1": [
      28.56,
      28.7
    ],
    "zeta_D1": [
      0.025,
      0.09
    ],
    "t0_D2": [
      28.88,
      29.05
    ],
    "zeta_D2": [
      0.035,
      0.13
    ],
    "delta_dm_D": [
      -0.08,
      0.08
    ]
  },
  "gain_s2": null,
  "percentiles": {
    "tau_1ghz": {
      "median": 0.0779894966371287,
      "lower": 0.06972581712346215,
      "upper": 0.08482588423720155,
      "err_minus": 0.00826367951366655,
      "err_plus": 0.006836387600072852
    },
    "beta": {
      "median": 3.641565634667272,
      "lower": 3.524051964801928,
      "upper": 3.7449168868943583,
      "err_minus": 0.11751366986534384,
      "err_plus": 0.1033512522270863
    },
    "t0_C1": {
      "median": 1.4835763581232868,
      "lower": 1.4774741796953297,
      "upper": 1.4897438315808849,
      "err_minus": 0.006102178427957128,
      "err_plus": 0.0061674734575980494
    },
    "zeta_C1": {
      "median": 0.06594732398335713,
      "lower": 0.06007853982787904,
      "upper": 0.07172030073580472,
      "err_minus": 0.005868784155478091,
      "err_plus": 0.0057729767524475895
    },
    "t0_C2": {
      "median": 2.172118425165409,
      "lower": 2.1641370346773012,
      "upper": 2.1833823380517208,
      "err_minus": 0.007981390488107643,
      "err_plus": 0.0112639128863119
    },
    "zeta_C2": {
      "median": 0.08379301116093531,
      "lower": 0.07515919246292382,
      "upper": 0.08832089985703293,
      "err_minus": 0.008633818698011483,
      "err_plus": 0.004527888696097618
    },
    "delta_dm_C": {
      "median": -0.009268162222526369,
      "lower": -0.01129905262250705,
      "upper": -0.00720118676882224,
      "err_minus": 0.002030890399980681,
      "err_plus": 0.0020669754537041285
    },
    "t0_D1": {
      "median": 28.60882078730949,
      "lower": 28.607929602444685,
      "upper": 28.609718191857652,
      "err_minus": 0.0008911848648054388,
      "err_plus": 0.0008974045481622284
    },
    "zeta_D1": {
      "median": 0.049795868130030986,
      "lower": 0.048996619433818826,
      "upper": 0.050595513418832325,
      "err_minus": 0.0007992486962121598,
      "err_plus": 0.0007996452888013386
    },
    "t0_D2": {
      "median": 28.946775177273835,
      "lower": 28.945331384761325,
      "upper": 28.948129519477522,
      "err_minus": 0.0014437925125108109,
      "err_plus": 0.001354342203686798
    },
    "zeta_D2": {
      "median": 0.07734603698430884,
      "lower": 0.07602745592479346,
      "upper": 0.07869722280290825,
      "err_minus": 0.001318581059515378,
      "err_plus": 0.0013511858185994152
    },
    "delta_dm_D": {
      "median": 0.014094727022038067,
      "lower": 0.010921296532541244,
      "upper": 0.017362250306632257,
      "err_minus": 0.003173430489496823,
      "err_plus": 0.00326752328459419
    },
    "alpha": {
      "median": 4.4366981834453165,
      "lower": 4.292372794396694,
      "upper": 4.624582423946323,
      "err_minus": 0.1443253890486229,
      "err_plus": 0.18788424050100616
    }
  },
  "ncall": 166656
}