{
  "burst": "whitney_c2d2_cwin_20260707",
  "beta": 3.641565634667272,
  "alpha": 4.4366981834453165,
  "tau_1ghz": 0.0779894966371287,
  "chi2_chime": 1.0530092830707019,
  "chi2_dsa": 1.0115989430684336,
  "components_C": 2,
  "components_D": 2,
  "suffix": "_C2D2_cwin_chime2resolved_nlive160"
}