{
  "burst": "whitney",
  "marginalize_gain": true,
  "marginalize_gain_gp": false,
  "shared_zeta": false,
  "beta": {
    "median": 3.708591785016935,
    "err_minus": 0.15305754432774465,
    "err_plus": 0.11815077258026552
  },
  "beta_bounds": [
    3.0,
    4.0
  ],
  "alpha": {
    "median": 4.341109231050384,
    "err_minus": 0.15141918229968,
    "err_plus": 0.23035457564008954
  },
  "tau_1ghz": {
    "median": 0.0667457077673584,
    "err_minus": 0.01180161606827295,
    "err_plus": 0.009184211078700336
  },
  "log_evidence": 26655.707737530134,
  "log_evidence_err": 0.4346517375093822,
  "alpha_bounds": [
    4.0,
    6.0
  ],
  "components_C": 2,
  "components_D": 3,
  "fixed_parameters": {
    "delta_dm_C": -0.000327,
    "delta_dm_D": 0.014773
  },
  "percentiles": {
    "tau_1ghz": {
      "median": 0.0667457077673584,
      "lower": 0.05494409169908545,
      "upper": 0.07592991884605874,
      "err_minus": 0.01180161606827295,
      "err_plus": 0.009184211078700336
    },
    "beta": {
      "median": 3.708591785016935,
      "lower": 3.5555342406891906,
      "upper": 3.8267425575972007,
      "err_minus": 0.15305754432774465,
      "err_plus": 0.11815077258026552
    },
    "t0_C1": {
      "median": 1.4683528951501597,
      "lower": 1.4623430180146517,
      "upper": 1.4745657556281966,
      "err_minus": 0.006009877135507935,
      "err_plus": 0.00621286047803693
    },
    "zeta_C1": {
      "median": 0.07469015490581893,
      "lower": 0.06831629573187627,
      "upper": 0.08132994389841879,
      "err_minus": 0.0063738591739426614,
      "err_plus": 0.006639788992599857
    },
    "t0_C2": {
      "median": 2.1553198533052393,
      "lower": 2.134364138088732,
      "upper": 2.174791961991736,
      "err_minus": 0.020955715216507187,
      "err_plus": 0.019472108686496625
    },
    "zeta_C2": {
      "median": 0.20005450103852124,
      "lower": 0.15541256306011542,
      "upper": 0.24693576780380383,
      "err_minus": 0.04464193797840582,
      "err_plus": 0.04688126676528259
    },
    "t0_D1": {
      "median": 28.60918054722201,
      "lower": 28.608486699829626,
      "upper": 28.609864059780556,
      "err_minus": 0.0006938473923838728,
      "err_plus": 0.0006835125585453738
    },
    "zeta_D1": {
      "median": 0.05010914014250573,
      "lower": 0.049347891877594655,
      "upper": 0.05087107278286646,
      "err_minus": 0.0007612482649110783,
      "err_plus": 0.0007619326403607296
    },
    "t0_D2": {
      "median": 28.947108936794713,
      "lower": 28.94575819378816,
      "upper": 28.94845168682925,
      "err_minus": 0.0013507430065544668,
      "err_plus": 0.0013427500345386534
    },
    "zeta_D2": {
      "median": 0.07826268487403701,
      "lower": 0.07691551042981049,
      "upper": 0.07962296684067681,
      "err_minus": 0.0013471744442265232,
      "err_plus": 0.0013602819666398008
    },
    "t0_D3": {
      "median": 44.44042968541839,
      "lower": 33.384778070517065,
      "upper": 56.48337731935897,
      "err_minus": 11.055651614901322,
      "err_plus": 12.042947633940585
    },
    "zeta_D3": {
      "median": 44.169485602905986,
      "lower": 24.46352351528316,
      "upper": 106.63291219191464,
      "err_minus": 19.705962087622826,
      "err_plus": 62.463426589008655
    },
    "alpha": {
      "median": 4.341109231050384,
      "lower": 4.189690048750704,
      "upper": 4.571463806690473,
      "err_minus": 0.15141918229968,
      "err_plus": 0.23035457564008954
    },
    "delta_dm_C": {
      "median": -0.000327,
      "lower": -0.000327,
      "upper": -0.000327,
      "err_minus": 0.0,
      "err_plus": 0.0
    },
    "delta_dm_D": {
      "median": 0.014773,
      "lower": 0.014773,
      "upper": 0.014773,
      "err_minus": 0.0,
      "err_plus": 0.0
    }
  },
  "ncall": 2363235
}