{
  "burst": "wilhelm",
  "marginalize_gain": true,
  "marginalize_gain_gp": false,
  "shared_zeta": false,
  "beta": {
    "median": 3.9900905781427234,
    "err_minus": 0.006948098315080475,
    "err_plus": 0.006593524567918507
  },
  "beta_bounds": [
    3.0,
    4.0
  ],
  "alpha": {
    "median": 4.0,
    "err_minus": 0.0,
    "err_plus": 0.0
  },
  "tau_1ghz": {
    "median": 0.15266374386838918,
    "err_minus": 0.0037260116138954358,
    "err_plus": 0.0038716075713230436
  },
  "log_evidence": 3573.1471704826845,
  "log_evidence_err": 0.4748141307021063,
  "alpha_bounds": [
    4.0,
    6.0
  ],
  "components_C": 1,
  "components_D": 4,
  "fixed_parameters": {
    "delta_dm_C": -0.003079,
    "delta_dm_D": 0.031821
  },
  "percentiles": {
    "tau_1ghz": {
      "median": 0.15266374386838918,
      "lower": 0.14893773225449375,
      "upper": 0.15653535143971223,
      "err_minus": 0.0037260116138954358,
      "err_plus": 0.0038716075713230436
    },
    "beta": {
      "median": 3.9900905781427234,
      "lower": 3.983142479827643,
      "upper": 3.996684102710642,
      "err_minus": 0.006948098315080475,
      "err_plus": 0.006593524567918507
    },
    "t0_C1": {
      "median": 2.4495864412200294,
      "lower": 2.444655759059735,
      "upper": 2.454285743435223,
      "err_minus": 0.004930682160294353,
      "err_plus": 0.004699302215193768
    },
    "zeta_C1": {
      "median": 0.14337629663782162,
      "lower": 0.13785802178875264,
      "upper": 0.14915191234419822,
      "err_minus": 0.0055182748490689715,
      "err_plus": 0.005775615706376608
    },
    "t0_D1": {
      "median": -0.19023522710370777,
      "lower": -0.20974132715452676,
      "upper": -0.1763343331429681,
      "err_minus": 0.019506100050818986,
      "err_plus": 0.01390089396073968
    },
    "zeta_D1": {
      "median": 0.5537058235356285,
      "lower": 0.5382998311993757,
      "upper": 0.5711930780008778,
      "err_minus": 0.015405992336252727,
      "err_plus": 0.017487254465249347
    },
    "t0_D2": {
      "median": 0.016943998573597296,
      "lower": 0.004831907938607882,
      "upper": 0.027577799928491187,
      "err_minus": 0.012112090634989414,
      "err_plus": 0.01063380135489389
    },
    "zeta_D2": {
      "median": 0.23464151233246866,
      "lower": 0.22149335164855025,
      "upper": 0.24878805903061557,
      "err_minus": 0.013148160683918414,
      "err_plus": 0.014146546698146911
    },
    "t0_D3": {
      "median": 0.41460820195019243,
      "lower": 0.4137059330296551,
      "upper": 0.4154806901626471,
      "err_minus": 0.0009022689205373524,
      "err_plus": 0.0008724882124546696
    },
    "zeta_D3": {
      "median": 0.05334307515418846,
      "lower": 0.05143937759227103,
      "upper": 0.055237767668015275,
      "err_minus": 0.0019036975619174251,
      "err_plus": 0.0018946925138268178
    },
    "t0_D4": {
      "median": 0.6113250621828235,
      "lower": 0.6104259092809061,
      "upper": 0.6121879272825963,
      "err_minus": 0.0008991529019173328,
      "err_plus": 0.0008628650997728471
    },
    "zeta_D4": {
      "median": 0.09693106476706342,
      "lower": 0.09611482098798307,
      "upper": 0.0977552130731509,
      "err_minus": 0.0008162437790803501,
      "err_plus": 0.0008241483060874716
    },
    "alpha": {
      "median": 4.0,
      "lower": 4.0,
      "upper": 4.0,
      "err_minus": 0.0,
      "err_plus": 0.0
    },
    "delta_dm_C": {
      "median": -0.003079,
      "lower": -0.003079,
      "upper": -0.003079,
      "err_minus": 0.0,
      "err_plus": 0.0
    },
    "delta_dm_D": {
      "median": 0.031821,
      "lower": 0.031821,
      "upper": 0.031821,
      "err_minus": 0.0,
      "err_plus": 0.0
    }
  },
  "ncall": 3784233
}