{
  "burst": "wilhelm",
  "fit_note": "C2D2: leading DSA component at ~-1.2 ms (5.9 sig) is the plan-doc hidden pulse; trailing CHIME 6.4 sig at +3.8 ms. Sandbox refit 2026-07-07 (bad-fit remediation).",
  "marginalize_gain": false,
  "marginalize_gain_gp": false,
  "shared_zeta": false,
  "beta": {
    "median": 3.9905073759333956,
    "lower": 3.983893203868278,
    "upper": 3.996871039289475,
    "err_minus": 0.006614172065117607,
    "err_plus": 0.0063636633560792966
  },
  "beta_bounds": [
    3.0,
    4.0
  ],
  "alpha": {
    "median": 4.0,
    "lower": 4.0,
    "upper": 4.0,
    "err_minus": 0.0,
    "err_plus": 0.0
  },
  "tau_1ghz": {
    "median": 0.3345083238369892,
    "lower": 0.33047253061657433,
    "upper": 0.33859207252588325,
    "err_minus": 0.004035793220414863,
    "err_plus": 0.004083748688894051
  },
  "log_evidence": 8757.193180211674,
  "log_evidence_err": 0.7957105131744279,
  "alpha_bounds": [
    4.0,
    6.0
  ],
  "components_C": 2,
  "components_D": 2,
  "component_windows": {
    "tau_1ghz": [
      0.03,
      1.0
    ],
    "beta": [
      3.0,
      4.0
    ],
    "t0_C1": [
      1.4,
      2.95
    ],
    "zeta_C1": [
      0.03,
      0.3
    ],
    "t0_C2": [
      5.6,
      6.85
    ],
    "zeta_C2": [
      0.03,
      0.4
    ],
    "delta_dm_C": [
      -0.08,
      0.08
    ],
    "t0_D1": [
      0.3,
      0.9
    ],
    "zeta_D1": [
      0.02,
      0.15
    ],
    "t0_D2": [
      1.45,
      2.1
    ],
    "zeta_D2": [
      0.02,
      0.15
    ],
    "delta_dm_D": [
      -0.08,
      0.08
    ]
  },
  "gain_s2": null,
  "percentiles": {
    "tau_1ghz": {
      "median": 0.3345083238369892,
      "lower": 0.33047253061657433,
      "upper": 0.33859207252588325,
      "err_minus": 0.004035793220414863,
      "err_plus": 0.004083748688894051
    },
    "beta": {
      "median": 3.9905073759333956,
      "lower": 3.983893203868278,
      "upper": 3.996871039289475,
      "err_minus": 0.006614172065117607,
      "err_plus": 0.0063636633560792966
    },
    "t0_C1": {
      "median": 2.4148049341126585,
      "lower": 2.404532016356688,
      "upper": 2.4252413350964597,
      "err_minus": 0.01027291775597039,
      "err_plus": 0.010436400983801164
    },
    "zeta_C1": {
      "median": 0.08049280451886712,
      "lower": 0.07564148312142076,
      "upper": 0.0857124682428627,
      "err_minus": 0.004851321397446359,
      "err_plus": 0.005219663723995585
    },
    "t0_C2": {
      "median": 5.608499038286901,
      "lower": 5.601804128670811,
      "upper": 5.623863831815019,
      "err_minus": 0.006694909616089539,
      "err_plus": 0.015364793528117815
    },
    "zeta_C2": {
      "median": 0.3891315728651352,
      "lower": 0.3719327369476432,
      "upper": 0.39721173835000495,
      "err_minus": 0.017198835917491995,
      "err_plus": 0.008080165484869728
    },
    "delta_dm_C": {
      "median": -0.02322491041449771,
      "lower": -0.02764322302832882,
      "upper": -0.01883120568541672,
      "err_minus": 0.004418312613831112,
      "err_plus": 0.004393704729080988
    },
    "t0_D1": {
      "median": 0.32950139806967244,
      "lower": 0.3094265823710919,
      "upper": 0.3611420914132212,
      "err_minus": 0.02007481569858055,
      "err_plus": 0.03164069334354874
    },
    "zeta_D1": {
      "median": 0.13071823629461385,
      "lower": 0.10726443515284854,
      "upper": 0.14469539904779843,
      "err_minus": 0.023453801141765304,
      "err_plus": 0.013977162753184585
    },
    "t0_D2": {
      "median": 1.6886185493107553,
      "lower": 1.6879440505881014,
      "upper": 1.6893008469796034,
      "err_minus": 0.0006744987226539045,
      "err_plus": 0.0006822976688480864
    },
    "zeta_D2": {
      "median": 0.07117599442755373,
      "lower": 0.070655511003902,
      "upper": 0.07167309155105252,
      "err_minus": 0.0005204834236517408,
      "err_plus": 0.0004970971234987825
    },
    "delta_dm_D": {
      "median": 0.01114393716954823,
      "lower": 0.009871181630414672,
      "upper": 0.012546260137076007,
      "err_minus": 0.0012727555391335577,
      "err_plus": 0.0014023229675277776
    },
    "alpha": {
      "median": 4.0,
      "lower": 4.0,
      "upper": 4.0,
      "err_minus": 0.0,
      "err_plus": 0.0
    }
  },
  "ncall": 220685,
  "runtime_s": 110.0
}