{
  "burst": "wilhelm",
  "suffix": "_C2D2_cwin_tf1",
  "alpha": 4.0,
  "tau_1ghz": 0.3345083238369892,
  "beta": 3.9905073759333956,
  "chi2C": 1.3093751817715995,
  "chi2D": 2.7789339881216093,
  "lag1C": 0.7868419541194522,
  "lag1D": 0.5065406360394467,
  "lnZ": 8757.193180211674,
  "runtime_s": 110.0
}