{
  "burst": "wilhelm",
  "marginalize_gain": false,
  "marginalize_gain_gp": false,
  "shared_zeta": true,
  "beta": {
    "median": 3.979207216453846,
    "err_minus": 0.0012534305297888793,
    "err_plus": 0.0005923414884150269
  },
  "beta_bounds": [
    3.0,
    4.0
  ],
  "alpha": {
    "median": 4.021011224467348,
    "err_minus": 0.0006046717163874504,
    "err_plus": 0.00128071605505653
  },
  "tau_1ghz": {
    "median": 0.26930674993199494,
    "err_minus": 0.00562605499231017,
    "err_plus": 0.005751036761634354
  },
  "log_evidence": -2676.513223665906,
  "log_evidence_err": 0.5417981878587421,
  "alpha_bounds": [
    4.0,
    6.0
  ],
  "components_C": 1,
  "components_D": 1,
  "gain_s2": null,
  "percentiles": {
    "tau_1ghz": {
      "median": 0.26930674993199494,
      "lower": 0.26368069493968477,
      "upper": 0.2750577866936293,
      "err_minus": 0.00562605499231017,
      "err_plus": 0.005751036761634354
    },
    "beta": {
      "median": 3.979207216453846,
      "lower": 3.9779537859240572,
      "upper": 3.979799557942261,
      "err_minus": 0.0012534305297888793,
      "err_plus": 0.0005923414884150269
    },
    "zeta_1ghz": {
      "median": 0.09233825847691765,
      "lower": 0.0903383018315293,
      "upper": 0.09432909029286736,
      "err_minus": 0.001999956645388351,
      "err_plus": 0.001990831815949709
    },
    "x_zeta": {
      "median": -0.3596055803733771,
      "lower": -0.41527311363691144,
      "upper": -0.30171931357044013,
      "err_minus": 0.05566753326353435,
      "err_plus": 0.05788626680293696
    },
    "t0_C": {
      "median": 2.452358986662782,
      "lower": 2.4428886443094946,
      "upper": 2.461522812348745,
      "err_minus": 0.009470342353287364,
      "err_plus": 0.00916382568596319
    },
    "delta_dm_C": {
      "median": -0.019225535432383367,
      "lower": -0.023273994520870644,
      "upper": -0.01505047638572421,
      "err_minus": 0.004048459088487277,
      "err_plus": 0.0041750590466591575
    },
    "t0_D": {
      "median": 0.627028984132517,
      "lower": 0.6261485271634619,
      "upper": 0.6278890447304466,
      "err_minus": 0.0008804569690550323,
      "err_plus": 0.0008600605979296461
    },
    "delta_dm_D": {
      "median": 0.01880476837905576,
      "lower": 0.0168731049715376,
      "upper": 0.02078693967514056,
      "err_minus": 0.0019316634075181582,
      "err_plus": 0.0019821712960848004
    }
  },
  "ncall": 1000943,
  "gain_recovered": true
}