{
  "burst": "zach",
  "fit_note": "C2D4: CHIME trailing component plus DSA morphology corrected to one initial pulse and a trailing three-component cluster; wide delta_dm_C for the known CHIME dedispersion residual. Sandbox refit 2026-07-07 (bad-fit remediation).",
  "marginalize_gain": false,
  "marginalize_gain_gp": false,
  "shared_zeta": false,
  "beta": {
    "median": 3.9897163768762995,
    "lower": 3.9835579620587422,
    "upper": 3.9966865230365487,
    "err_minus": 0.006158414817557301,
    "err_plus": 0.006970146160249158
  },
  "beta_bounds": [
    3.0,
    4.0
  ],
  "alpha": {
    "median": 4.0,
    "lower": 4.0,
    "upper": 4.0,
    "err_minus": 0.0,
    "err_plus": 0.0
  },
  "tau_1ghz": {
    "median": 0.1864021408460393,
    "lower": 0.18541600712222298,
    "upper": 0.18734955192011346,
    "err_minus": 0.0009861337238163126,
    "err_plus": 0.0009474110740741726
  },
  "log_evidence": 67983.26603602848,
  "log_evidence_err": 0.9007215532449264,
  "alpha_bounds": [
    4.0,
    6.0
  ],
  "components_C": 2,
  "components_D": 4,
  "component_windows": {
    "tau_1ghz": [
      0.05,
      1.2
    ],
    "beta": [
      3.0,
      4.0
    ],
    "t0_C1": [
      12.4,
      13.9
    ],
    "zeta_C1": [
      0.03,
      0.4
    ],
    "t0_C2": [
      14.0,
      17.5
    ],
    "zeta_C2": [
      0.05,
      2.0
    ],
    "delta_dm_C": [
      -0.5,
      0.5
    ],
    "t0_D1": [
      9.3,
      9.8
    ],
    "zeta_D1": [
      0.02,
      0.2
    ],
    "t0_D2": [
      11.35,
      11.85
    ],
    "zeta_D2": [
      0.02,
      0.3
    ],
    "t0_D3": [
      11.85,
      12.35
    ],
    "zeta_D3": [
      0.02,
      0.4
    ],
    "t0_D4": [
      12.35,
      12.85
    ],
    "zeta_D4": [
      0.02,
      0.4
    ],
    "delta_dm_D": [
      -0.08,
      0.08
    ]
  },
  "gain_s2": null,
  "percentiles": {
    "tau_1ghz": {
      "median": 0.1864021408460393,
      "lower": 0.18541600712222298,
      "upper": 0.18734955192011346,
      "err_minus": 0.0009861337238163126,
      "err_plus": 0.0009474110740741726
    },
    "beta": {
      "median": 3.9897163768762995,
      "lower": 3.9835579620587422,
      "upper": 3.9966865230365487,
      "err_minus": 0.006158414817557301,
      "err_plus": 0.006970146160249158
    },
    "t0_C1": {
      "median": 13.288586011157726,
      "lower": 13.28747920583235,
      "upper": 13.289654997815264,
      "err_minus": 0.0011068053253762145,
      "err_plus": 0.0010689866575379625
    },
    "zeta_C1": {
      "median": 0.10616864398360602,
      "lower": 0.10516619004264838,
      "upper": 0.10718069145689486,
      "err_minus": 0.0010024539409576455,
      "err_plus": 0.0010120474732888407
    },
    "t0_C2": {
      "median": 14.722133958807033,
      "lower": 14.708251265288615,
      "upper": 14.738690618975236,
      "err_minus": 0.01388269351841842,
      "err_plus": 0.016556660168202342
    },
    "zeta_C2": {
      "median": 1.4095918818507907,
      "lower": 1.3983448034528587,
      "upper": 1.420727385866826,
      "err_minus": 0.011247078397931931,
      "err_plus": 0.011135504016035247
    },
    "delta_dm_C": {
      "median": 0.004651615151480937,
      "lower": 0.004309896335740415,
      "upper": 0.004987995614431084,
      "err_minus": 0.00034171881574052154,
      "err_plus": 0.0003363804629501477
    },
    "t0_D1": {
      "median": 9.600231485743425,
      "lower": 9.597412073313771,
      "upper": 9.60239704493942,
      "err_minus": 0.002819412429653667,
      "err_plus": 0.002165559195994149
    },
    "zeta_D1": {
      "median": 0.09242728098246608,
      "lower": 0.0909687749998547,
      "upper": 0.09392506647460266,
      "err_minus": 0.00145850598261138,
      "err_plus": 0.001497785492136583
    },
    "t0_D2": {
      "median": 11.631935670992682,
      "lower": 11.626183759434877,
      "upper": 11.637170565214568,
      "err_minus": 0.0057519115578053,
      "err_plus": 0.005234894221885611
    },
    "zeta_D2": {
      "median": 0.05437974657826038,
      "lower": 0.04806392352168789,
      "upper": 0.060520982551815136,
      "err_minus": 0.006315823056572488,
      "err_plus": 0.0061412359735547595
    },
    "t0_D3": {
      "median": 12.041748427086294,
      "lower": 12.030744935627771,
      "upper": 12.05718014735764,
      "err_minus": 0.011003491458522419,
      "err_plus": 0.015431720271346094
    },
    "zeta_D3": {
      "median": 0.14700496885551734,
      "lower": 0.13619216937792264,
      "upper": 0.1596436033360555,
      "err_minus": 0.010812799477594698,
      "err_plus": 0.012638634480538175
    },
    "t0_D4": {
      "median": 12.398535484323702,
      "lower": 12.36181020295749,
      "upper": 12.48264579064348,
      "err_minus": 0.03672528136621267,
      "err_plus": 0.08411030631977745
    },
    "zeta_D4": {
      "median": 0.2447083787853977,
      "lower": 0.19337829549148466,
      "upper": 0.2732457062617962,
      "err_minus": 0.05133008329391303,
      "err_plus": 0.028537327476398477
    },
    "delta_dm_D": {
      "median": -0.07070873663231217,
      "lower": -0.07679282506181524,
      "upper": -0.06316360606847925,
      "err_minus": 0.006084088429503073,
      "err_plus": 0.007545130563832922
    },
    "alpha": {
      "median": 4.0,
      "lower": 4.0,
      "upper": 4.0,
      "err_minus": 0.0,
      "err_plus": 0.0
    }
  },
  "ncall": 337976,
  "runtime_s": 1102.9
}