{
  "burst": "zach",
  "suffix": "_C2D4_cwin",
  "alpha": 4.0,
  "tau_1ghz": 0.1864021408460393,
  "beta": 3.9897163768762995,
  "chi2C": 1.3468341800327501,
  "chi2D": 1.0223746479745357,
  "lag1C": 0.6857207196952179,
  "lag1D": 0.24855624410575353,
  "lnZ": 67983.26603602848,
  "runtime_s": 1102.9
}