{
  "burst": "zach",
  "marginalize_gain": true,
  "marginalize_gain_gp": false,
  "shared_zeta": false,
  "beta": {
    "median": 3.1613990744733296,
    "err_minus": 0.009589911999205558,
    "err_plus": 0.009475091653905032
  },
  "beta_bounds": [
    3.0,
    4.0
  ],
  "alpha": {
    "median": 5.444121911164702,
    "err_minus": 0.027870946101275607,
    "err_plus": 0.02867560627114507
  },
  "tau_1ghz": {
    "median": 0.17093985930321307,
    "err_minus": 0.0021433548784084155,
    "err_plus": 0.0020810890282057515
  },
  "log_evidence": 35849.41888063556,
  "log_evidence_err": 0.4358348479067291,
  "alpha_bounds": [
    4.0,
    6.0
  ],
  "components_C": 2,
  "components_D": 4,
  "fixed_parameters": {
    "delta_dm_C": -0.000435,
    "delta_dm_D": -0.006335
  },
  "percentiles": {
    "tau_1ghz": {
      "median": 0.17093985930321307,
      "lower": 0.16879650442480465,
      "upper": 0.17302094833141882,
      "err_minus": 0.0021433548784084155,
      "err_plus": 0.0020810890282057515
    },
    "beta": {
      "median": 3.1613990744733296,
      "lower": 3.151809162474124,
      "upper": 3.1708741661272346,
      "err_minus": 0.009589911999205558,
      "err_plus": 0.009475091653905032
    },
    "t0_C1": {
      "median": 13.3122615316721,
      "lower": 13.311609200041246,
      "upper": 13.312929217426177,
      "err_minus": 0.000652331630853098,
      "err_plus": 0.0006676857540774961
    },
    "zeta_C1": {
      "median": 0.1013266988067419,
      "lower": 0.10042643835177656,
      "upper": 0.10225729465733494,
      "err_minus": 0.0009002604549653431,
      "err_plus": 0.0009305958505930328
    },
    "t0_C2": {
      "median": 19.70378375417057,
      "lower": 19.66001590517276,
      "upper": 19.74960888756906,
      "err_minus": 0.04376784899780972,
      "err_plus": 0.04582513339849115
    },
    "zeta_C2": {
      "median": 2.4917945888063144,
      "lower": 2.436857572568616,
      "upper": 2.547431022882159,
      "err_minus": 0.05493701623769853,
      "err_plus": 0.0556364340758444
    },
    "t0_D1": {
      "median": -5.65295096438554,
      "lower": -8.474108224085137,
      "upper": -0.9677173049472945,
      "err_minus": 2.8211572596995973,
      "err_plus": 4.6852336594382455
    },
    "zeta_D1": {
      "median": 23.078263413738576,
      "lower": 4.263499802461151,
      "upper": 95.79677905513402,
      "err_minus": 18.814763611277424,
      "err_plus": 72.71851564139544
    },
    "t0_D2": {
      "median": 1.9044911008645666,
      "lower": -3.6704993052452943,
      "upper": 7.164955346018521,
      "err_minus": 5.574990406109861,
      "err_plus": 5.260464245153955
    },
    "zeta_D2": {
      "median": 47.33283274765534,
      "lower": 13.269980820803227,
      "upper": 234.1791450444019,
      "err_minus": 34.06285192685211,
      "err_plus": 186.84631229674656
    },
    "t0_D3": {
      "median": 9.612562597030397,
      "lower": 9.611257437752236,
      "upper": 9.613822079902526,
      "err_minus": 0.0013051592781607724,
      "err_plus": 0.0012594828721290696
    },
    "zeta_D3": {
      "median": 0.0966578616353907,
      "lower": 0.09522192360604417,
      "upper": 0.09805994712685875,
      "err_minus": 0.001435938029346523,
      "err_plus": 0.001402085491468058
    },
    "t0_D4": {
      "median": 12.094010356456389,
      "lower": 12.083617642230882,
      "upper": 12.104333054957747,
      "err_minus": 0.010392714225506694,
      "err_plus": 0.010322698501358474
    },
    "zeta_D4": {
      "median": 0.3482118781327637,
      "lower": 0.33788768287836607,
      "upper": 0.35783651887834855,
      "err_minus": 0.01032419525439765,
      "err_plus": 0.009624640745584834
    },
    "alpha": {
      "median": 5.444121911164702,
      "lower": 5.416250965063426,
      "upper": 5.472797517435847,
      "err_minus": 0.027870946101275607,
      "err_plus": 0.02867560627114507
    },
    "delta_dm_C": {
      "median": -0.000435,
      "lower": -0.000435,
      "upper": -0.000435,
      "err_minus": 0.0,
      "err_plus": 0.0
    },
    "delta_dm_D": {
      "median": -0.006335,
      "lower": -0.006335,
      "upper": -0.006335,
      "err_minus": 0.0,
      "err_plus": 0.0
    }
  },
  "ncall": 2406484
}