{
 "casey": {
  "off": [
   0,
   834
  ],
  "off_snr": 5.838439043377418,
  "burst_core": [
   886,
   926
  ],
  "alpha": null,
  "alpha_err": null,
  "n": 0,
  "nres": 1,
  "ladder": "0.260/0.057*/0.026/0.037"
 },
 "whitney": {
  "off": [
   1110,
   1930
  ],
  "off_snr": 6.827156116418771,
  "burst_core": [
   1015,
   1050
  ],
  "alpha": null,
  "alpha_err": null,
  "n": 0,
  "nres": 2,
  "ladder": "0.083*/0.999*/0.041/20.000"
 },
 "phineas": {
  "off": [
   0,
   881
  ],
  "off_snr": 4.400543575667665,
  "burst_core": [
   1059,
   1196
  ],
  "alpha": null,
  "alpha_err": null,
  "n": 0,
  "nres": 1,
  "ladder": "0.201/0.306*/2.170/0.295"
 },
 "mahi": {
  "off": [
   0,
   45
  ],
  "off_snr": 9.33276960700245,
  "burst_core": [
   50,
   54
  ],
  "alpha": null,
  "alpha_err": null,
  "n": 0,
  "nres": 0,
  "ladder": "0.910/1.366/0.369/2.564"
 },
 "freya": {
  "off": [
   0,
   227
  ],
  "off_snr": 3.6718163787474305,
  "burst_core": [
   252,
   274
  ],
  "alpha": 1.6259774589035094,
  "alpha_err": 0.9058811222384451,
  "n": 2,
  "nres": 2,
  "ladder": "0.137*/14.520/0.094*/0.061"
 },
 "zach": {
  "off": [
   334,
   486
  ],
  "off_snr": 9.240043233239245,
  "burst_core": [
   227,
   273
  ],
  "alpha": 2.0475177662009036,
  "alpha_err": 0.5231087863671826,
  "n": 3,
  "nres": 3,
  "ladder": "0.191*/0.169*/0.094/0.047*"
 },
 "chromatica": {
  "off": [
   0,
   131
  ],
  "off_snr": 5.924761126934354,
  "burst_core": [
   185,
   214
  ],
  "alpha": 1.6608587364547598,
  "alpha_err": 0.3504211663843805,
  "n": 4,
  "nres": 4,
  "ladder": "0.095*/0.076*/0.031*/0.050*"
 },
 "wilhelm": {
  "off": [
   0,
   221
  ],
  "off_snr": 5.213267592450767,
  "burst_core": [
   242,
   258
  ],
  "alpha": null,
  "alpha_err": null,
  "n": 0,
  "nres": 2,
  "ladder": "0.079*/1.888/0.141*/0.018"
 },
 "oran": {
  "off": [
   88,
   337
  ],
  "off_snr": 13.62313404628133,
  "burst_core": [
   1,
   29
  ],
  "alpha": null,
  "alpha_err": null,
  "n": 0,
  "nres": 0,
  "ladder": ""
 },
 "hamilton": {
  "off": [
   0,
   198
  ],
  "off_snr": 2.4065332463922626,
  "burst_core": [
   207,
   215
  ],
  "alpha": 9.20326338403798,
  "alpha_err": 3.223936815139745,
  "n": 2,
  "nres": 2,
  "ladder": "0.060*/0.017*/0.137/3.626"
 },
 "johndoeII": {
  "off": [
   10,
   78
  ],
  "off_snr": 17.822948633579834,
  "burst_core": [
   0,
   4
  ],
  "alpha": null,
  "alpha_err": null,
  "n": 0,
  "nres": 0,
  "ladder": ""
 },
 "isha": {
  "off": [
   0,
   39
  ],
  "off_snr": 3.5803774101167187,
  "burst_core": [
   52,
   62
  ],
  "alpha": null,
  "alpha_err": null,
  "n": 0,
  "nres": 2,
  "ladder": "0.187*/0.141*/11.581/8.108"
 }
}