{
  "zach": {
    "n_chime": 3,
    "n_dsa": 4,
    "chime": {
      "alpha": 1.9918441078564635,
      "alpha_err": 0.47629858462282565,
      "gamma_ref": 0.9429415764984046,
      "nu_ref": 1400.0,
      "n": 3,
      "chi2": 14.865294756805039,
      "dof": 1,
      "redchi": 14.865294756805039
    },
    "dsa": {
      "alpha": 2.0304981813271974,
      "alpha_err": 1.9390523554812038,
      "gamma_ref": 0.6610609708217403,
      "nu_ref": 1400.0,
      "n": 4,
      "chi2": 22.91988002352291,
      "dof": 2,
      "redchi": 11.459940011761455
    },
    "joint": {
      "alpha": 1.4800355751607044,
      "alpha_err": 0.09424147817788056,
      "gamma_ref": 0.6690664568825309,
      "nu_ref": 1400.0,
      "n": 7,
      "chi2": 39.07391212102377,
      "dof": 5,
      "redchi": 7.814782424204753
    },
    "chime_pts": [
      [
        732.7,
        0.2554254012108444,
        0.007980502430052
      ],
      [
        620.6,
        0.25237869486740594,
        0.0277771678077882
      ],
      [
        441.7,
        0.04009451545936586,
        0.012992559664631404
      ]
    ],
    "dsa_pts": [
      [
        1331.6237994465243,
        0.2035424784801494,
        0.05175694012065442
      ],
      [
        1365.8395734982907,
        0.7657953984182979,
        0.07070201616403006
      ],
      [
        1410.7687611916003,
        0.6637029357026827,
        0.06120707056885694
      ],
      [
        1470.3182484128276,
        0.6722223525432387,
        0.08536759456413967
      ]
    ]
  },
  "chromatica": {
    "n_chime": 4,
    "n_dsa": 4,
    "chime": {
      "alpha": 1.6841259174331515,
      "alpha_err": 0.3511317105661013,
      "gamma_ref": 0.28750262727274073,
      "nu_ref": 1400.0,
      "n": 4,
      "chi2": 7.560493392670918,
      "dof": 2,
      "redchi": 3.780246696335459
    },
    "dsa": {
      "alpha": 6.477752916489201,
      "alpha_err": 1.2724856264861972,
      "gamma_ref": 1.3006221835024827,
      "nu_ref": 1400.0,
      "n": 4,
      "chi2": 67.16015607304267,
      "dof": 2,
      "redchi": 33.580078036521336
    },
    "joint": {
      "alpha": 3.4749533094450786,
      "alpha_err": 0.09114391650407705,
      "gamma_ref": 1.2714730080726988,
      "nu_ref": 1400.0,
      "n": 8,
      "chi2": 107.73877840482515,
      "dof": 6,
      "redchi": 17.95646306747086
    },
    "chime_pts": [
      [
        720.5,
        0.09318499491955032,
        0.0075121665854958105
      ],
      [
        585.2,
        0.07382731596669562,
        0.008958173314990586
      ],
      [
        496.8,
        0.03144197638009004,
        0.006270759536671252
      ],
      [
        432.8,
        0.0496275492362156,
        0.009888222210515144
      ]
    ],
    "dsa_pts": [
      [
        1321.0629985349178,
        0.7284567935451594,
        0.08979323640572237
      ],
      [
        1351.0971837864236,
        0.5957143809411005,
        0.0801445105982258
      ],
      [
        1395.88902002279,
        2.0652691362888826,
        0.15768618388893782
      ],
      [
        1459.620096044278,
        1.389181721571465,
        0.1008411574931894
      ]
    ]
  },
  "freya": {
    "n_chime": 1,
    "n_dsa": 1,
    "chime": null,
    "dsa": null,
    "joint": {
      "alpha": 6.027074056211175,
      "alpha_err": 0.471801017025685,
      "gamma_ref": 14.731429691328566,
      "nu_ref": 1400.0,
      "n": 2,
      "chi2": 1.0495018012009845e-27,
      "dof": 0,
      "redchi": NaN
    },
    "chime_pts": [
      [
        598.5,
        0.087875853360744,
        0.009885361677847128
      ]
    ],
    "dsa_pts": [
      [
        1351.56372069652,
        11.914664957701838,
        4.378555326673515
      ]
    ]
  },
  "hamilton": {
    "n_chime": 2,
    "n_dsa": 4,
    "chime": {
      "alpha": 8.942487933334286,
      "alpha_err": 3.1595913321648084,
      "gamma_ref": 18.269250351992085,
      "nu_ref": 1400.0,
      "n": 2,
      "chi2": 1.4588216293056608e-25,
      "dof": 0,
      "redchi": NaN
    },
    "dsa": {
      "alpha": -7.179786513165298,
      "alpha_err": 6.312595322703077,
      "gamma_ref": 0.29068269386211926,
      "nu_ref": 1400.0,
      "n": 4,
      "chi2": 14.200295068239832,
      "dof": 2,
      "redchi": 7.100147534119916
    },
    "joint": {
      "alpha": 2.835112304509701,
      "alpha_err": 0.368882140178697,
      "gamma_ref": 0.32970039054467665,
      "nu_ref": 1400.0,
      "n": 6,
      "chi2": 20.471595729562146,
      "dof": 4,
      "redchi": 5.117898932390537
    },
    "chime_pts": [
      [
        738.8,
        0.060155563973085094,
        0.008936491045689774
      ],
      [
        645.6,
        0.01801248438916026,
        0.007192818095567687
      ]
    ],
    "dsa_pts": [
      [
        1321.841323457594,
        0.12859013592190127,
        0.07137010556556997
      ],
      [
        1351.6465896141951,
        1.0663028113217452,
        0.39938888056987304
      ],
      [
        1395.3701367410063,
        0.207269714386499,
        0.06261231009416689
      ],
      [
        1459.3301318573986,
        0.23874580023782,
        0.10871444736792081
      ]
    ]
  }
}