{
  "broad_frequency_sums": {
    "combined_common": [
      10.707274131312825,
      13.371099072998698,
      13.226071014840782,
      10.366134265427261,
      14.869129295761697,
      14.010320518240805,
      12.187228153350922,
      6.339691951206397
    ],
    "labels": [
      "400\u2013450",
      "450\u2013500",
      "500\u2013550",
      "550\u2013600",
      "600\u2013650",
      "650\u2013700",
      "700\u2013750",
      "750\u2013800"
    ],
    "reference_common": [
      11.018441124963525,
      13.590189335319051,
      13.294479030402908,
      10.390269821688827,
      15.292590474874618,
      14.224949493715354,
      12.3529596307692,
      6.558546981429529
    ],
    "reference_full": [
      11.000593757322566,
      13.51830367847067,
      13.233724891523352,
      10.394269434350417,
      14.593179299979978,
      14.211792650192724,
      10.018843223833647,
      4.617260591116768
    ]
  },
  "candidate_method": "offpulse_seed_plus_voltage_kurtosis",
  "coherent_dedispersion_measure_pc_cm3": 262.4359033801,
  "coherent_dm_source": "source H5 tiedbeam_power.DM_coherent",
  "dedispersion_measure_status": "product-specific; not a manuscript adoption",
  "event": "zach",
  "instrument": "CHIME/FRB",
  "method_comparison": {
    "candidate_diagnostics": {
      "seed_rows": {
        "excluded_broadband_columns": 0,
        "group_size": 64,
        "maximum_broadband_seed_fraction": 0.01,
        "minimum_seed_rows_per_group": 1,
        "offpulse_columns": 64,
        "pixel_threshold": 6.0,
        "protected": [
          32,
          76
        ],
        "qualifying_groups": 793,
        "seed_rows": 2704,
        "selected_rows": 2704,
        "status": "development_only_horizontal_row_component"
      },
      "voltage_kurtosis": {
        "allowed_blocks": {
          "protected_on_pulse_aligned": [
            229,
            273
          ],
          "sealed_intervals_opened": false,
          "source_context": [
            149,
            305
          ],
          "training": [
            55,
            137
          ]
        },
        "broadband_voltage_sigma": 8.0,
        "excluded_broadband_times": 0,
        "iterations_requested": 6,
        "iterations_run": 3,
        "maximum_broadband_channel_fraction": 0.01,
        "retained_center": 3.3860920880693675,
        "retained_spread": 0.17222168380655747,
        "selected_channels": 33,
        "selected_fine_rows": 1054,
        "sigma": 4.5,
        "source_h5_sha256": "215079a689c18b50a4b2cd8003529e34d531a326be677a86187be02e47d0f1a9",
        "status": "development_only_protected_voltage_kurtosis_component"
      }
    },
    "candidate_owner_marked_intervals": {
      "600_650_mhz": {
        "count": 5735,
        "maximum": 84.82383753731847,
        "maximum_frequency_mhz": 642.0989990234375,
        "maximum_spread_units_above_median": 6.104094061826184,
        "median": 13.884858740493655,
        "median_based_spread": 11.621540899977832,
        "rows_above_100": 0
      },
      "700_750_mhz": {
        "count": 3293,
        "maximum": 72.32911782339215,
        "maximum_frequency_mhz": 708.6029052734375,
        "maximum_spread_units_above_median": 5.8719037298281185,
        "median": 11.112121476791799,
        "median_based_spread": 10.42540871977005,
        "rows_above_100": 0
      }
    },
    "common_support_values_equal": true,
    "interpretation": "On retained pixels, the candidate leaves package-normalized values unchanged and changes only explicit support.",
    "maximum_absolute_common_support_difference": 0.0,
    "package_row_mask_owner_marked_intervals": {
      "600_650_mhz": {
        "count": 6266,
        "maximum": 99.69961299747229,
        "maximum_frequency_mhz": 617.8863525390625,
        "maximum_spread_units_above_median": 7.089642646085782,
        "median": 14.277441650629044,
        "median_based_spread": 12.048868414264172,
        "rows_above_100": 0
      },
      "700_750_mhz": {
        "count": 4096,
        "maximum": 206.21773527562618,
        "maximum_frequency_mhz": 738.8763427734375,
        "maximum_spread_units_above_median": 18.38962537191741,
        "median": 10.301434147171676,
        "median_based_spread": 10.653631989025511,
        "rows_above_100": 20
      }
    }
  },
  "methods": {
    "candidate": {
      "broadband_voltage_sigma": 8.0,
      "maximum_broadband_channel_fraction": 0.01,
      "name": "protected off-pulse seed rows plus raw-voltage amplitude tails",
      "operation": "union of protected off-pulse seed-row promotion and full coarse channels selected by one-sided voltage-amplitude kurtosis",
      "protected_on_pulse": true,
      "replacement": "none; selected rows are NaN",
      "seed_row_component": {
        "group_size": 64,
        "maximum_broadband_seed_fraction": 0.01,
        "minimum_seed_rows_per_group": 1,
        "name": "protected off-pulse seed-row component",
        "operation": "promote absolute Pixel-6 seeds to whole fine-frequency rows only after excluding simultaneous broadband seed times; an isolated strong off-pulse seed is sufficient",
        "ordering": "after alignment, package row masks, and bandpass normalization",
        "pixel_threshold": 6.0,
        "protected_on_pulse": true,
        "replacement": "none; selected rows are NaN",
        "status": "development-only saturated-row component; not a complete RFI method"
      },
      "status": "development-only components; not a complete RFI method",
      "voltage_kurtosis_iterations": 6,
      "voltage_kurtosis_sigma": 4.5
    },
    "package_row_mask": [
      "package RFI row mask on training",
      "bandpass mean and sample standard deviation on surviving training rows",
      "normalize",
      "second package RFI row mask on normalized training"
    ],
    "package_threshold_mean": 5.0,
    "package_threshold_standard_deviation": 3.0,
    "reference": "bandpass mean and sample standard deviation learned on training without RFI mask"
  },
  "observed_sample_columns_loaded": [
    [
      55,
      137
    ],
    [
      149,
      305
    ]
  ],
  "observed_slices_half_open": {
    "aligned_display": [
      197,
      305
    ],
    "alignment_source": [
      149,
      305
    ],
    "on_pulse_integration": [
      229,
      273
    ],
    "training": [
      55,
      137
    ]
  },
  "provenance": {
    "array_hashes": {
      "additional_candidate_rows.npy": "07c9483d3c70495713c586f00ead3a5f0a92646864d51868e8991d33c1f59401",
      "alignment_offsets_s.npy": "2209d9d216eb9f4bfbee32ea3355aed8add652205ed27a2d3fc4fc65d8dc82b1",
      "alignment_shifts.npy": "fb4513f68af3db45f890db3613224f932d2e4c1f026f6e706edb5657a687e73d",
      "candidate_valid.npy": "715d629cc999278065a7b0cb032b92173e9dcba3d55cd0f34dbc059774c078cc",
      "combined_common_spectrum.npy": "66e18e2914d3d3c5393bd789703f97242b2e6e23c56f9fdf85c6b6c2d3cb8b5e",
      "combined_mean.npy": "ba7f6116c4ddb07139ff82ad20cbc1e665c413bf5af52785c34ed7245f7b71e1",
      "combined_scale.npy": "12fcac1112407bf3e2c84d379c9e56956fc8cc933d455130a11f3e6b40e5f532",
      "final_valid.npy": "ddf111fe47b91a19c2328850e79e7ed948998665f20b499e2602a46be2a8a033",
      "initial_rfi_rows.npy": "4258a592f607374014adeb42f08cff414c3b1ec0fc11061237a448aa9ec65ed9",
      "model_valid.npy": "2a1fe470dabcef7089176798044c415ce2c4d4318123fb376f0ce9881e9494d8",
      "post_bandpass_rfi_rows.npy": "04190fb1310e65b09dfa0f75e83b08132bbc37faf31ff8bb36ca29bd9c222abf",
      "reference_common_spectrum.npy": "f076732e933b5dec95ca9df5a4d9870bc351b66aa48f1289e83410feb25a8a67",
      "reference_full_spectrum.npy": "1f997f3f749e6bff62443caa8b3fb80974497458ae247c15d13b752d90433208",
      "reference_mean.npy": "f964d265fc17abe18a715484dedf99e2d608969d704934b3760b759cc25550e5",
      "reference_scale.npy": "f5b66eb5efbf6e40c6cff1f16ed2b72c18f7ba233c5e91568bac03af4554c67b",