{
  "burst": "johndoeII",
  "marginalize_gain": false,
  "marginalize_gain_gp": false,
  "shared_zeta": false,
  "beta": {
    "median": 3.865733610425111,
    "err_minus": 0.10984069908597904,
    "err_plus": 0.0858264977386316
  },
  "beta_bounds": [
    3.0,
    4.0
  ],
  "alpha": {
    "median": 4.143928789002516,
    "err_minus": 0.09428656519027001,
    "err_plus": 0.13411446418733863
  },
  "tau_1ghz": {
    "median": 0.13817983339963447,
    "err_minus": 0.012493374516443362,
    "err_plus": 0.010588713193177557
  },
  "log_evidence": 11679.90903162756,
  "log_evidence_err": 0.6408974880666963,
  "alpha_bounds": [
    4.0,
    6.0
  ],
  "components_C": 1,
  "components_D": 2,
  "gain_s2": 100.0,
  "fixed_parameters": {},
  "percentiles": {
    "tau_1ghz": {
      "median": 0.13817983339963447,
      "lower": 0.1256864588831911,
      "upper": 0.14876854659281202,
      "err_minus": 0.012493374516443362,
      "err_plus": 0.010588713193177557
    },
    "beta": {
      "median": 3.865733610425111,
      "lower": 3.755892911339132,
      "upper": 3.9515601081637426,
      "err_minus": 0.10984069908597904,
      "err_plus": 0.0858264977386316
    },
    "t0_C1": {
      "median": 5.108952383162233,
      "lower": 5.099722761585274,
      "upper": 5.1191009317166785,
      "err_minus": 0.009229621576959168,
      "err_plus": 0.010148548554445469
    },
    "zeta_C1": {
      "median": 0.09285086493397879,
      "lower": 0.08437496297822615,
      "upper": 0.1013292223225013,
      "err_minus": 0.008475901955752638,
      "err_plus": 0.008478357388522512
    },
    "delta_dm_C": {
      "median": -0.011257823072540418,
      "lower": -0.013263163049693105,
      "upper": -0.009220924175203038,
      "err_minus": 0.002005339977152687,
      "err_plus": 0.0020368988973373803
    },
    "t0_D1": {
      "median": 5.342434286554754,
      "lower": 5.337333595826278,
      "upper": 5.3475043940421685,
      "err_minus": 0.005100690728475854,
      "err_plus": 0.0050701074874144325
    },
    "zeta_D1": {
      "median": 0.06671080165749241,
      "lower": 0.062456524953640444,
      "upper": 0.07113345546052662,
      "err_minus": 0.004254276703851964,
      "err_plus": 0.004422653803034207
    },
    "t0_D2": {
      "median": 5.76470444904196,
      "lower": 5.745576735430292,
      "upper": 5.782006616685417,
      "err_minus": 0.01912771361166854,
      "err_plus": 0.017302167643457267
    },
    "zeta_D2": {
      "median": 0.3982244779592491,
      "lower": 0.38563411562023964,
      "upper": 0.4138514392812893,
      "err_minus": 0.012590362339009453,
      "err_plus": 0.015626961322040223
    },
    "delta_dm_D": {
      "median": -0.03323832437187946,
      "lower": -0.04270535851340895,
      "upper": -0.020694568560806204,
      "err_minus": 0.009467034141529496,
      "err_plus": 0.012543755811073254
    },
    "alpha": {
      "median": 4.143928789002516,
      "lower": 4.049642223812246,
      "upper": 4.278043253189854,
      "err_minus": 0.09428656519027001,
      "err_plus": 0.13411446418733863
    }
  },
  "ncall": 759751
}