{
  "burst": "oran",
  "marginalize_gain": false,
  "marginalize_gain_gp": false,
  "shared_zeta": false,
  "beta": {
    "median": 3.9875661891811602,
    "err_minus": 0.01667268179073389,
    "err_plus": 0.008391847096622218
  },
  "beta_bounds": [
    3.0,
    4.0
  ],
  "alpha": {
    "median": 4.0,
    "err_minus": 0.0,
    "err_plus": 0.029536342273623895
  },
  "tau_1ghz": {
    "median": 0.9217613716033976,
    "err_minus": 0.06546800496399607,
    "err_plus": 0.06300544320590751
  },
  "log_evidence": 13603.009177015148,
  "log_evidence_err": 0.548291387767624,
  "alpha_bounds": [
    4.0,
    6.0
  ],
  "components_C": 1,
  "components_D": 1,
  "gain_s2": 100.0,
  "fixed_parameters": {},
  "percentiles": {
    "tau_1ghz": {
      "median": 0.9217613716033976,
      "lower": 0.8562933666394015,
      "upper": 0.9847668148093051,
      "err_minus": 0.06546800496399607,
      "err_plus": 0.06300544320590751
    },
    "beta": {
      "median": 3.9875661891811602,
      "lower": 3.9708935073904263,
      "upper": 3.9959580362777825,
      "err_minus": 0.01667268179073389,
      "err_plus": 0.008391847096622218
    },
    "t0_C1": {
      "median": 9.072859450978674,
      "lower": 8.89473553401887,
      "upper": 9.254227651926787,
      "err_minus": 0.17812391695980345,
      "err_plus": 0.18136820094811235
    },
    "zeta_C1": {
      "median": 1.4373087013920134,
      "lower": 1.2814598153274401,
      "upper": 1.576860355553069,
      "err_minus": 0.15584888606457326,
      "err_plus": 0.13955165416105553
    },
    "delta_dm_C": {
      "median": -0.012371721463097174,
      "lower": -0.03690660406441282,
      "upper": 0.011415612575149225,
      "err_minus": 0.024534882601315644,
      "err_plus": 0.0237873340382464
    },
    "t0_D1": {
      "median": 11.617069335955286,
      "lower": 11.599638940608102,
      "upper": 11.639890755454935,
      "err_minus": 0.01743039534718349,
      "err_plus": 0.022821419499649664
    },
    "zeta_D1": {
      "median": 0.08137339555212747,
      "lower": 0.06976787140263804,
      "upper": 0.0930069440255011,
      "err_minus": 0.011605524149489427,
      "err_plus": 0.011633548473373626
    },
    "delta_dm_D": {
      "median": 0.02477230881027026,
      "lower": -0.014536267896076538,
      "upper": 0.06268177652041373,
      "err_minus": 0.0393085767063468,
      "err_plus": 0.037909467710143474
    },
    "alpha": {
      "median": 4.0,
      "lower": 4.0,
      "upper": 4.029536342273624,
      "err_minus": 0.0,
      "err_plus": 0.029536342273623895
    }
  },
  "ncall": 466622
}