{
  "burst": "zach",
  "marginalize_gain": false,
  "marginalize_gain_gp": false,
  "shared_zeta": false,
  "beta": {
    "median": 3.1650314192356634,
    "err_minus": 0.00904795232302602,
    "err_plus": 0.006067777457449797
  },
  "beta_bounds": [
    3.0,
    4.0
  ],
  "alpha": {
    "median": 5.433383798888669,
    "err_minus": 0.017789277694406636,
    "err_plus": 0.026873302091389384
  },
  "tau_1ghz": {
    "median": 0.16581585261116208,
    "err_minus": 0.0016278776750750512,
    "err_plus": 0.001195258460554821
  },
  "log_evidence": 25074.597462774283,
  "log_evidence_err": 0.7084567849680987,
  "alpha_bounds": [
    4.0,
    6.0
  ],
  "components_C": 2,
  "components_D": 3,
  "gain_s2": 100.0,
  "fixed_parameters": {},
  "percentiles": {
    "tau_1ghz": {
      "median": 0.16581585261116208,
      "lower": 0.16418797493608703,
      "upper": 0.1670111110717169,
      "err_minus": 0.0016278776750750512,
      "err_plus": 0.001195258460554821
    },
    "beta": {
      "median": 3.1650314192356634,
      "lower": 3.1559834669126374,
      "upper": 3.1710991966931132,
      "err_minus": 0.00904795232302602,
      "err_plus": 0.006067777457449797
    },
    "t0_C1": {
      "median": 15.122857247320164,
      "lower": 15.122052735275373,
      "upper": 15.123850912616202,
      "err_minus": 0.0008045120447910392,
      "err_plus": 0.0009936652960380599
    },
    "zeta_C1": {
      "median": 0.12441384233392833,
      "lower": 0.12343888279255988,
      "upper": 0.12548243037134263,
      "err_minus": 0.0009749595413684475,
      "err_plus": 0.001068588037414303
    },
    "t0_C2": {
      "median": 21.629792752579537,
      "lower": 21.58647925718776,
      "upper": 21.6602095104996,
      "err_minus": 0.04331349539177509,
      "err_plus": 0.03041675792006515
    },
    "zeta_C2": {
      "median": 2.57840243565933,
      "lower": 2.5308112212242917,
      "upper": 2.61967965949172,
      "err_minus": 0.04759121443503833,
      "err_plus": 0.041277223832389964
    },
    "delta_dm_C": {
      "median": 0.006345193488634493,
      "lower": 0.006068751098219138,
      "upper": 0.006586239662617288,
      "err_minus": 0.00027644239041535457,
      "err_plus": 0.00024104617398279515
    },
    "t0_D1": {
      "median": 1.511229867303201,
      "lower": 1.509225908367921,
      "upper": 1.513610836301873,
      "err_minus": 0.002003958935280048,
      "err_plus": 0.0023809689986720173
    },
    "zeta_D1": {
      "median": 0.09289943168836917,
      "lower": 0.09175429185778122,
      "upper": 0.0938667312464588,
      "err_minus": 0.001145139830587949,
      "err_plus": 0.0009672995580896349
    },
    "t0_D2": {
      "median": 2.7166806478458194,
      "lower": 2.178761542245326,
      "upper": 3.245296026815903,
      "err_minus": 0.5379191056004933,
      "err_plus": 0.5286153789700836
    },
    "zeta_D2": {
      "median": 445.9844044796071,
      "lower": 382.99062068056065,
      "upper": 486.6382858246775,
      "err_minus": 62.99378379904647,
      "err_plus": 40.653881345070374
    },
    "t0_D3": {
      "median": 3.990237350648616,
      "lower": 3.982042214924339,
      "upper": 3.9987578354374915,
      "err_minus": 0.00819513572427688,
      "err_plus": 0.00852048478887557
    },
    "zeta_D3": {
      "median": 0.35174928747835993,
      "lower": 0.34399972907602594,
      "upper": 0.3598829506096908,
      "err_minus": 0.007749558402333989,
      "err_plus": 0.008133663131330848
    },
    "delta_dm_D": {
      "median": -0.06559617627770109,
      "lower": -0.07134713666982151,
      "upper": -0.060320835574422915,
      "err_minus": 0.005750960392120419,
      "err_plus": 0.005275340703278175
    },
    "alpha": {
      "median": 5.433383798888669,
      "lower": 5.415594521194262,
      "upper": 5.4602571009800585,
      "err_minus": 0.017789277694406636,
      "err_plus": 0.026873302091389384
    }
  },
  "ncall": 1094534
}