{
  "burst": "zach",
  "marginalize_gain": false,
  "marginalize_gain_gp": false,
  "shared_zeta": false,
  "beta": {
    "median": 3.1657161728316576,
    "err_minus": 0.007899352905933466,
    "err_plus": 0.007479162251398108
  },
  "beta_bounds": [
    3.0,
    4.0
  ],
  "alpha": {
    "median": 5.431366994148793,
    "err_minus": 0.021875087400951898,
    "err_plus": 0.02341093890680579
  },
  "tau_1ghz": {
    "median": 0.16618905090554445,
    "err_minus": 0.0016198044240572917,
    "err_plus": 0.001731915170231052
  },
  "log_evidence": 25064.495196309887,
  "log_evidence_err": 0.7263527098394637,
  "alpha_bounds": [
    4.0,
    6.0
  ],
  "components_C": 2,
  "components_D": 4,
  "gain_s2": 100.0,
  "fixed_parameters": {},
  "percentiles": {
    "tau_1ghz": {
      "median": 0.16618905090554445,
      "lower": 0.16456924648148716,
      "upper": 0.1679209660757755,
      "err_minus": 0.0016198044240572917,
      "err_plus": 0.001731915170231052
    },
    "beta": {
      "median": 3.1657161728316576,
      "lower": 3.157816819925724,
      "upper": 3.1731953350830557,
      "err_minus": 0.007899352905933466,
      "err_plus": 0.007479162251398108
    },
    "t0_C1": {
      "median": 15.123031068069958,
      "lower": 15.121938110482944,
      "upper": 15.124088438976948,
      "err_minus": 0.0010929575870139985,
      "err_plus": 0.001057370906989874
    },
    "zeta_C1": {
      "median": 0.12437049518778386,
      "lower": 0.12348227394234608,
      "upper": 0.12527811918012569,
      "err_minus": 0.0008882212454377758,
      "err_plus": 0.00090762399234183
    },
    "t0_C2": {
      "median": 21.61473086907528,
      "lower": 21.57315458773162,
      "upper": 21.656115424730363,
      "err_minus": 0.0415762813436622,
      "err_plus": 0.04138455565508181
    },
    "zeta_C2": {
      "median": 2.580318013803107,
      "lower": 2.533925222191541,
      "upper": 2.6284779560931266,
      "err_minus": 0.046392791611566064,
      "err_plus": 0.04815994229001941
    },
    "delta_dm_C": {
      "median": 0.006275449466954797,
      "lower": 0.006018089051416098,
      "upper": 0.006575122427143754,
      "err_minus": 0.0002573604155386988,
      "err_plus": 0.00029967296018895695
    },
    "t0_D1": {
      "median": 1.5073909565738,
      "lower": 1.505016477519518,
      "upper": 1.5097329027703439,
      "err_minus": 0.002374479054281897,
      "err_plus": 0.0023419461965439314
    },
    "zeta_D1": {
      "median": 0.0929922298331751,
      "lower": 0.09191904548668822,
      "upper": 0.09397807803647656,
      "err_minus": 0.0010731843464868718,
      "err_plus": 0.0009858482033014704
    },
    "t0_D2": {
      "median": 3.534581319947264,
      "lower": 3.530686262478944,
      "upper": 3.5382814616353797,
      "err_minus": 0.0038950574683198624,
      "err_plus": 0.003700141688115721
    },
    "zeta_D2": {
      "median": 0.04306181723011713,
      "lower": 0.039898040930870834,
      "upper": 0.046304978015505226,
      "err_minus": 0.0031637762992462945,
      "err_plus": 0.0032431607853880967
    },
    "t0_D3": {
      "median": 4.04303586543174,
      "lower": 4.035079229603725,
      "upper": 4.050603813254438,
      "err_minus": 0.007956635828015202,
      "err_plus": 0.0075679478226975405
    },
    "zeta_D3": {
      "median": 0.2802404492343091,
      "lower": 0.2700445405880496,
      "upper": 0.29064540690773155,
      "err_minus": 0.010195908646259466,
      "err_plus": 0.010404957673422477
    },
    "t0_D4": {
      "median": 4.723581149269058,
      "lower": 4.290544182306397,
      "upper": 5.40513124200951,
      "err_minus": 0.4330369669626606,
      "err_plus": 0.6815500927404523
    },
    "zeta_D4": {
      "median": 350.23531131967604,
      "lower": 321.2095557335053,
      "upper": 367.6403889840353,
      "err_minus": 29.02575558617076,
      "err_plus": 17.405077664359283
    },
    "delta_dm_D": {
      "median": -0.05336007634239337,
      "lower": -0.05989237891249388,
      "upper": -0.04691181642564857,
      "err_minus": 0.006532302570100512,
      "err_plus": 0.006448259916744803
    },
    "alpha": {
      "median": 5.431366994148793,
      "lower": 5.409491906747841,
      "upper": 5.454777933055599,
      "err_minus": 0.021875087400951898,
      "err_plus": 0.02341093890680579
    }
  },
  "ncall": 1257486
}