{
 "casey_sb1": {
  "cw_khz": 24.415552707068855,
  "ncorr_khz": 122.07776353534427,
  "injected": [
   0.02,
   0.05,
   0.1,
   0.2,
   0.5,
   1.0
  ],
  "recovered": [
   0.01220777635353443,
   0.034169952152970404,
   0.06564546648298895,
   0.12257552850796788,
   0.3044212841744743,
   0.5699741745942221
  ]
 },
 "zach_sb3": {
  "cw_khz": 6.103608758678547,
  "ncorr_khz": 12.207217517357094,
  "injected": [
   0.02,
   0.05,
   0.1,
   0.2,
   0.5,
   1.0
  ],
  "recovered": [
   0.013363996629950772,
   0.032951270299566335,
   0.06574186027738123,
   0.13632751546592048,
   0.32041183498797604,
   0.6190615415492509
  ]
 },
 "zach_sb0": {
  "cw_khz": 6.103608758678547,
  "ncorr_khz": 964.3701838712104,
  "injected": [
   0.02,
   0.05,
   0.1,
   0.2,
   0.5,
   1.0
  ],
  "recovered": [
   0.014248446486639359,
   0.03451872003933889,
   0.06666006955371667,
   0.13170893634037217,
   0.2906796059690031,
   0.5426737836271219
  ]
 },
 "freya_sb0": {
  "cw_khz": 6.103608758678547,
  "ncorr_khz": 109.86495765621385,
  "injected": [
   0.02,
   0.05,
   0.1,
   0.2,
   0.5,
   1.0
  ],
  "recovered": [
   0.015538491387124419,
   0.03544617832212446,
   0.0699821408694021,
   0.1266435871671911,
   0.344172405534963,
   0.6353187580887096
  ]
 },
 "johndoeII_sb0": {
  "cw_khz": 0.7629409083165228,
  "ncorr_khz": 135.80348168034106,
  "injected": [
   0.02,
   0.05,
   0.1,
   0.2,
   0.5,
   1.0
  ],
  "recovered": [
   0.8408147056024047,
   0.07813136212023811,
   0.1085746806456889,
   0.18454307108835655,
   0.3578463886712615,
   0.5640007485631444
  ]
 },
 "mahi_sb2": {
  "cw_khz": 0.7629409083165228,
  "ncorr_khz": 13.732936349697411,
  "injected": [
   0.02,
   0.05,
   0.1,
   0.2,
   0.5,
   1.0
  ],
  "recovered": [
   0.01335796547283926,
   0.03369818621969708,
   0.0655459110830298,
   0.1285000163339585,
   0.28610218204200166,
   0.6528826964063736
  ]
 },
 "oran_sb1": {
  "cw_khz": 3.0517810957348956,
  "ncorr_khz": 85.44987068057708,
  "injected": [
   0.02,
   0.05,
   0.1,
   0.2,
   0.5,
   1.0
  ],
  "recovered": [
   0.013824820261346585,
   0.03301118314526422,
   0.06660929403990246,
   0.13062011390335,
   0.30116470956312513,
   0.6485908038813507
  ]
 }
}