tns,nickname,kind,mass_source,z,impact_kpc,dm_point
FRB 20220310F,whitney,galaxy,measured,0.3585,100.7265127783341,6.250442692096642
FRB 20230307A,phineas,galaxy,measured,0.1925,143.9681788903367,8.346582139789572
FRB 20230307A,phineas,galaxy,measured,0.2146,130.11002833672677,38.27533589889769
FRB 20230307A,phineas,galaxy,measured,0.1096,105.44919505748442,12.781510780496761
FRB 20230307A,phineas,cluster,cluster_catalog,0.2,603.6,183.674227906529
FRB 20240203A,chromatica,galaxy,measured,0.0543,270.21050867078225,26.29184172616958
FRB 20240229A,casey,galaxy,measured,0.2028,176.64470168589963,75.93655954444196
FRB 20240229A,casey,galaxy,measured,0.2398,242.92325757529773,41.12445260426109
