object,legacy_obj,registry_ra_deg,registry_dec_deg,photometry_objid,photometry_ra_deg,photometry_dec_deg,match_sep_arcsec,z_mean,z_sigma,z_source_id,z_query_sha256,z_verification_sha256,g_kron_mag,g_kron_err,i_kron_mag,i_kron_err,ps1_quality,ps1_g_flags,ps1_i_flags,ps1_query_sha256,ps1_row_sha256
194021777634832653,832,177.7635678,71.68486803,194021777634832653,177.76356877,71.6848682,0.0153,0.1925,0.0284,ls_id:9907741567091313,5b03e4cfa1f8e0fffa6b6ec9313f6b90bdca922bc3f30a238e828069077ac4fc,6cbf70424419cf1c5bec3b7822d885bfbe908fdb6b260700f8be2e01e165ef68,20.9862,0.0789,19.6395,0.0350,53,115000,16892216,6a60c4183c104d395341a128f8ed9a8b1c67b5353dcd7dbd978fab4f9783eac3,010c188614d445ddee31dc900b92ed6945defce339414a07dbbf847ad6ce0206
983,,177.8163208,71.69501131,194031778161224842,177.81629018,71.69505217,0.1511,0.1649,0.0585,ls_id:9907741567091553,54db3a08646aeca5d591adb0c65069dba87bbcda299eb33ecd1634a98a838d34,164a8391315be5fbc9a58bc317f3f375f70f01249c587d50ae3c65c15c5804e7,20.9495,0.1272,20.6323,0.0823,53,16892216,16892216,6a60c4183c104d395341a128f8ed9a8b1c67b5353dcd7dbd978fab4f9783eac3,93505b32678f422f9d328e22925624e148e3ce218aeaf66e2a03f52261267a45
