{
  "bandpass_algorithm": {
    "implementation": "per-channel off-pulse mean subtraction and sample-standard-deviation division",
    "learned_from": "off_pulse_training_only",
    "minimum_finite_fraction": 0.8
  },
  "inputs": {
    "frequency": {
      "path": "/work/products/zach_chime_freq.npy",
      "sha256": "02c794745bd79ca235d1d3e18d46b2f43f7529616a5747ccab2a5db094a9cba2"
    },
    "metadata": {
      "path": "/work/products/zach_chime_preprocessing_metadata.json",
      "sha256": "bdc588557c7f8750e8714b6267569a7741b03994590c7cc9beabe21c482dca65"
    },
    "source_valid": {
      "path": "/work/products/zach_chime_source_valid.npy",
      "sha256": "b183f4aaed375ae78da8000cd5cb8bc3b8c4500c9ff23e56bb9555b0b85ba39e"
    },
    "stokes_i": {
      "path": "/work/products/zach_chime_upchan.npy",
      "sha256": "974551c7386cb5dd77b0572be133a57f6c8faf6be40357cb197d787c259f541e"
    }
  },
  "mask_counts": {
    "bandpass_first_rfi": 432,
    "bandpass_invalid_after_initial_rfi": 0,
    "bandpass_then_rfi_valid": 55312,
    "combined_valid": 50238,
    "initial_rfi": 5118,
    "post_bandpass_rfi": 388,
    "source_missing": 9792
  },
  "metrics": {
    "bandpass_only": {
      "masked_fraction_of_nominal": 0.1494140625,
      "valid_fine_positions": 55744,
      "validation_channel_mean_robust_spread": 0.17249863531098164,
      "validation_channel_std_robust_spread": 0.1990358955734995,
      "validation_coarse_comb_fraction": 0.01612687211584856,
      "validation_frequency_lag_correlations": {
        "1": 0.18608257284118926,
        "10": 0.16584308509780135,
        "2": 0.1726773653081057,
        "3": 0.16589513251668375,
        "4": 0.164998449974427,
        "5": 0.16012482124040428,
        "6": 0.1683287597942866,
        "7": 0.16849089996285282,
        "8": 0.16914250411194315,
        "9": 0.15960631478307294
      },
      "validation_temporal_lag_one_median": -0.0005132073394068193
    },
    "bandpass_then_rfi": {
      "masked_fraction_of_nominal": 0.156005859375,
      "valid_fine_positions": 55312,
      "validation_channel_mean_robust_spread": 0.17257903044838274,
      "validation_channel_std_robust_spread": 0.19914163469180524,
      "validation_coarse_comb_fraction": 0.016004607220670382,
      "validation_frequency_lag_correlations": {
        "1": 0.18507846477107098,
        "10": 0.16469035077555924,
        "2": 0.17310044189665078,
        "3": 0.16440498732090983,
        "4": 0.1639886635436301,
        "5": 0.15954661736607767,
        "6": 0.16834499161481448,
        "7": 0.168060421099374,
        "8": 0.16907616342294152,
        "9": 0.15904134991804547
      },
      "validation_temporal_lag_one_median": -0.0005258556658574185
    },
    "combined": {
      "masked_fraction_of_nominal": 0.233428955078125,
      "valid_fine_positions": 50238,
      "validation_channel_mean_robust_spread": 0.17153922325409893,
      "validation_channel_std_robust_spread": 0.19615462965333008,
      "validation_coarse_comb_fraction": 0.0178204415890406,
      "validation_frequency_lag_correlations": {
        "1": 0.13951074236035962,
        "10": 0.12268212559416837,
        "2": 0.13004836258364028,
        "3": 0.12017328450143293,
        "4": 0.12315888562253013,
        "5": 0.11449963919273737,
        "6": 0.12514644421231863,
        "7": 0.12044338641608977,
        "8": 0.12246341368347005,
        "9": 0.11398458406050277
      },
      "validation_temporal_lag_one_median": -0.002400647560409061
    },
    "grid_only": {
      "masked_fraction_of_nominal": 0.1494140625,
      "valid_fine_positions": 55744,
      "validation_channel_mean_robust_spread": 5234884222.961092,
      "validation_channel_std_robust_spread": 3986622362.6050086,
      "validation_coarse_comb_fraction": 0.33298344367419486,
      "validation_frequency_lag_correlations": {
        "1": 0.916598597247606,
        "10": 0.7362834168481825,
        "2": 0.828951100398795,
        "3": 0.7939254138439948,
        "4": 0.7767781947111844,
        "5": 0.7689432586271702,
        "6": 0.7710321351355691,
        "7": 0.7730951597174083,
        "8": 0.7645309087826917,
        "9": 0.7506388294225
      },
      "validation_temporal_lag_one_median": -0.0005132073394068116
    },
    "raw_compact": {
      "masked_fraction_of_nominal": 0.1494140625,
      "valid_fine_positions": 55744,
      "validation_channel_mean_robust_spread": 5234884222.961092,
      "validation_channel_std_robust_spread": 3986622362.6050086,
      "validation_coarse_comb_fraction": 0.33298344367419486,
      "validation_frequency_lag_correlations": {
        "1": 0.916598597247606,
        "10": 0.7362834168481825,
        "2": 0.828951100398795,
        "3": 0.7939254138439948,
        "4": 0.7767781947111844,
        "5": 0.7689432586271702,
        "6": 0.7710321351355691,
        "7": 0.7730951597174083,
        "8": 0.7645309087826917,
        "9": 0.7506388294225
      },
      "validation_temporal_lag_one_median": -0.0005132073394068116
    },
    "rfi_only": {
      "masked_fraction_of_nominal": 0.227508544921875,
      "valid_fine_positions": 50626,
      "validation_channel_mean_robust_spread": 4516924442.987119,
      "validation_channel_std_robust_spread": 3423966790.069798,
      "validation_coarse_comb_fraction": 0.3785071421360478,
      "validation_frequency_lag_correlations": {
        "1": 0.9501109040238211,
        "10": 0.7884144249969484,
        "2": 0.9416112906468984,
        "3": 0.9305943925317783,
        "4": 0.9165346707488543,
        "5": 0.9003416571666883,
        "6": 0.8829838090734577,
        "7": 0.8624798385596738,
        "8": 0.8398904301860391,
        "9": 0.8141440351564868
      },
      "validation_temporal_lag_one_median": -0.0023839187526584846
    }
  },
  "outputs": {
    "bandpass_first_rfi_mask": {
      "path": "zach_bandpass_first_rfi_mask.npy",
      "sha256": "f84e51d2cbea1cfca7776602ae6b676fa6cae5cc813d5eb86f0341ab91c917d7"
    },
    "bandpass_mean": {
      "path": "zach_bandpass_mean.npy",
      "sha256": "472a58567d60221dd8fa2f91eb3fd855f7893cc28dff112b52c911c04900b753"
    },
    "bandpass_scale": {
      "path": "zach_bandpass_scale.npy",
      "sha256": "e3082210b0ec2d49ed86517446f662b56f01ab14ec03b3903cb890cbaf30027c"
    },
    "bandpass_then_rfi_valid_mask": {
      "path": "zach_bandpass_then_rfi_valid_mask.npy",
      "sha256": "92dd93ddc361c089be4dda0718e7d76f36c6f1f50a9437319cdc9ef7e47907f8"
    },
    "combined_valid_mask": {
      "path": "zach_combined_valid_mask.npy",
      "sha256": "17dc89ce9c0ccd51713b0bba4d45e0442106cf846c0dbd36b316cb9ee0a581f8"
    },
    "figure": {
      "path": "zach_rfi_bandpass_audit.svg",
      "sha256": "2b7f067d8d78b8cfd5e68a2e25e41145fae6977a929796a831b4ffdbed4c8d04"
    },
    "initial_rfi_mask": {
      "path": "zach_initial_rfi_mask.npy",
      "sha256": "e584179a2a81ad35a6f59f0f11bde4a371d8de3582446f726664497ec37dc0d1"
    },
    "post_bandpass_rfi_mask": {
      "path": "zach_post_bandpass_rfi_mask.npy",
      "sha256": "f2fc48dde70bb20c891dcf189e22c5783dac63dbc4757a439b48402a32bfbaff"
    }
  },
  "rfi_algorithm": {
    "implementation": "baseband_analysis.core.flagging.get_RFI_channels",
    "learned_from": "off_pulse_training_only",
    "threshold_mean": 5.0,
    "threshold_std": 3.0
  },
  "schema": "faber2026-chime-preprocessing-audit-v1",
  "stability": {
    "training_half_bandpass_comparable_positions": 55744,
    "training_half_bandpass_scale_log_ratio_robust_spread": 0.25646132304586877,
    "training_half_rfi_jaccard": 0.6489151873767258
  },
  "status": "diagnostic_only_no_science_fit",
  "target": "zach",
  "training_interval": [
    55,
    137
  ],
  "validation_interval": [
    138,
    220
  ]
}
